CREATE DATABASE  IF NOT EXISTS `socialmedia` /*!40100 DEFAULT CHARACTER SET utf8mb4 COLLATE utf8mb4_0900_ai_ci */ /*!80016 DEFAULT ENCRYPTION='N' */;
USE `socialmedia`;
-- MySQL dump 10.13  Distrib 8.0.34, for Win64 (x86_64)
--
-- Host: localhost    Database: socialmedia
-- ------------------------------------------------------
-- Server version	8.0.31

/*!40101 SET @OLD_CHARACTER_SET_CLIENT=@@CHARACTER_SET_CLIENT */;
/*!40101 SET @OLD_CHARACTER_SET_RESULTS=@@CHARACTER_SET_RESULTS */;
/*!40101 SET @OLD_COLLATION_CONNECTION=@@COLLATION_CONNECTION */;
/*!50503 SET NAMES utf8 */;
/*!40103 SET @OLD_TIME_ZONE=@@TIME_ZONE */;
/*!40103 SET TIME_ZONE='+00:00' */;
/*!40014 SET @OLD_UNIQUE_CHECKS=@@UNIQUE_CHECKS, UNIQUE_CHECKS=0 */;
/*!40014 SET @OLD_FOREIGN_KEY_CHECKS=@@FOREIGN_KEY_CHECKS, FOREIGN_KEY_CHECKS=0 */;
/*!40101 SET @OLD_SQL_MODE=@@SQL_MODE, SQL_MODE='NO_AUTO_VALUE_ON_ZERO' */;
/*!40111 SET @OLD_SQL_NOTES=@@SQL_NOTES, SQL_NOTES=0 */;

--
-- Table structure for table `comments`
--

DROP TABLE IF EXISTS `comments`;
/*!40101 SET @saved_cs_client     = @@character_set_client */;
/*!50503 SET character_set_client = utf8mb4 */;
CREATE TABLE `comments` (
  `id` bigint unsigned NOT NULL AUTO_INCREMENT,
  `comment` text COLLATE utf8mb3_unicode_ci NOT NULL,
  `post_id` bigint unsigned NOT NULL,
  `user_id` bigint unsigned NOT NULL,
  `deleted_at` timestamp NULL DEFAULT NULL,
  `created_at` timestamp NULL DEFAULT NULL,
  `updated_at` timestamp NULL DEFAULT NULL,
  PRIMARY KEY (`id`),
  KEY `comments_post_id_foreign` (`post_id`),
  KEY `comments_user_id_foreign` (`user_id`),
  CONSTRAINT `comments_post_id_foreign` FOREIGN KEY (`post_id`) REFERENCES `posts` (`id`),
  CONSTRAINT `comments_user_id_foreign` FOREIGN KEY (`user_id`) REFERENCES `users` (`id`)
) ENGINE=InnoDB AUTO_INCREMENT=321 DEFAULT CHARSET=utf8mb3 COLLATE=utf8mb3_unicode_ci;
/*!40101 SET character_set_client = @saved_cs_client */;

--
-- Dumping data for table `comments`
--

LOCK TABLES `comments` WRITE;
/*!40000 ALTER TABLE `comments` DISABLE KEYS */;
INSERT INTO `comments` VALUES (1,'Quos accusamus illum debitis. Nam praesentium impedit in nisi sunt.',164,43,NULL,'2024-02-27 21:24:49','2024-02-27 21:24:49'),(2,'Recusandae qui quo ipsam quia animi.',160,24,NULL,'2024-02-27 21:24:49','2024-02-27 21:24:49'),(3,'Aut vero ut nihil qui sunt error qui. Sed repellat quia quas placeat est illo maiores molestiae.',23,33,NULL,'2024-02-27 21:24:49','2024-02-27 21:24:49'),(4,'Consequatur asperiores iusto unde distinctio incidunt. At neque adipisci nesciunt repellendus itaque error.',86,32,NULL,'2024-02-27 21:24:49','2024-02-27 21:24:49'),(5,'Omnis quod cupiditate aut harum sit dolor.',91,17,NULL,'2024-02-27 21:24:49','2024-02-27 21:24:49'),(6,'Similique explicabo nulla non.',173,46,NULL,'2024-02-27 21:24:49','2024-02-27 21:24:49'),(7,'Distinctio ut nihil accusantium ad eaque ratione. Quo odio reiciendis quo excepturi distinctio minima.',160,3,NULL,'2024-02-27 21:24:49','2024-02-27 21:24:49'),(8,'Molestiae animi dicta aliquam ratione quae accusamus eum. Voluptates minus minus quia magnam ut quasi incidunt molestiae.',45,16,NULL,'2024-02-27 21:24:49','2024-02-27 21:24:49'),(9,'Placeat quo impedit aperiam et reiciendis repellat quo omnis. Aperiam commodi id omnis quibusdam in illum recusandae.',135,31,NULL,'2024-02-27 21:24:49','2024-02-27 21:24:49'),(10,'Vel adipisci in quia maiores voluptas.',188,43,NULL,'2024-02-27 21:24:49','2024-02-27 21:24:49'),(11,'Aperiam enim quisquam eaque velit.',55,50,NULL,'2024-02-27 21:24:49','2024-02-27 21:24:49'),(12,'Fugit esse maiores totam dolore ipsum.',53,37,NULL,'2024-02-27 21:24:49','2024-02-27 21:24:49'),(13,'Illum voluptatem provident impedit perspiciatis aspernatur. Aut necessitatibus voluptatem excepturi tempora debitis beatae.',172,1,NULL,'2024-02-27 21:24:49','2024-02-27 21:24:49'),(14,'Nam maxime optio quidem quia nihil sint vel. Occaecati reprehenderit molestiae fuga.',51,50,NULL,'2024-02-27 21:24:49','2024-02-27 21:24:49'),(15,'Soluta ut harum explicabo perspiciatis. Reiciendis molestias molestiae rem ea deserunt.',212,45,NULL,'2024-02-27 21:24:49','2024-02-27 21:24:49'),(16,'Eos impedit aliquam recusandae repellendus. Reiciendis omnis perferendis deleniti molestiae dolor omnis.',24,11,NULL,'2024-02-27 21:24:49','2024-02-27 21:24:49'),(17,'Eius labore quia quas repudiandae nam.',23,33,NULL,'2024-02-27 21:24:49','2024-02-27 21:24:49'),(18,'Molestiae nemo porro eos ex esse pariatur magni ut. Officia rerum consectetur omnis.',1,46,NULL,'2024-02-27 21:24:49','2024-02-27 21:24:49'),(19,'Quaerat dicta qui ad et quas neque. Et et voluptate nobis.',23,15,NULL,'2024-02-27 21:24:49','2024-02-27 21:24:49'),(20,'Alias qui voluptatem odio aut mollitia.',138,40,NULL,'2024-02-27 21:24:49','2024-02-27 21:24:49'),(21,'Et et eos expedita ullam et dolores suscipit. Aut ut sed consectetur repudiandae.',137,7,NULL,'2024-02-27 21:24:49','2024-02-27 21:24:49'),(22,'Excepturi aut eaque cumque.',246,21,NULL,'2024-02-27 21:24:49','2024-02-27 21:24:49'),(23,'Ut qui odio atque voluptates.',245,49,NULL,'2024-02-27 21:24:49','2024-02-27 21:24:49'),(24,'Debitis nihil rem et consequatur veritatis autem.',137,23,NULL,'2024-02-27 21:24:49','2024-02-27 21:24:49'),(25,'Tenetur magnam provident sit rerum.',252,43,NULL,'2024-02-27 21:24:49','2024-02-27 21:24:49'),(26,'Est quibusdam aspernatur fugit molestias in maiores nesciunt.',114,36,NULL,'2024-02-27 21:24:49','2024-02-27 21:24:49'),(27,'Qui reiciendis corrupti et consequatur eaque ut nobis.',199,24,NULL,'2024-02-27 21:24:49','2024-02-27 21:24:49'),(28,'Aspernatur saepe culpa iste qui. Eos sed excepturi repellendus alias quod quis animi.',24,41,NULL,'2024-02-27 21:24:49','2024-02-27 21:24:49'),(29,'Quo quia rerum est earum est consequatur.',131,17,NULL,'2024-02-27 21:24:49','2024-02-27 21:24:49'),(30,'Aliquam illo eos doloribus commodi.',5,47,NULL,'2024-02-27 21:24:49','2024-02-27 21:24:49'),(31,'Eaque est eligendi est deserunt voluptate.',247,4,NULL,'2024-02-27 21:24:49','2024-02-27 21:24:49'),(32,'Sunt libero accusamus aut eos aperiam omnis. Necessitatibus iure rerum accusamus tenetur qui et.',24,46,NULL,'2024-02-27 21:24:49','2024-02-27 21:24:49'),(33,'Vel suscipit optio labore quas.',157,38,NULL,'2024-02-27 21:24:49','2024-02-27 21:24:49'),(34,'Pariatur explicabo sit quod dolorum molestiae aut. Assumenda ut numquam odio exercitationem iste sed.',180,29,NULL,'2024-02-27 21:24:49','2024-02-27 21:24:49'),(35,'Culpa et repellat nihil.',194,39,NULL,'2024-02-27 21:24:49','2024-02-27 21:24:49'),(36,'Sunt aliquid ea cum et cupiditate vel doloribus.',31,4,NULL,'2024-02-27 21:24:49','2024-02-27 21:24:49'),(37,'Est ut aperiam facilis quisquam sed nihil. Ullam harum nostrum iusto rerum tempore.',133,24,NULL,'2024-02-27 21:24:49','2024-02-27 21:24:49'),(38,'Minima beatae ad voluptates aliquam consequatur porro.',1,29,NULL,'2024-02-27 21:24:49','2024-02-27 21:24:49'),(39,'Qui sit nulla molestias fuga ratione esse. Sit quae rerum exercitationem et distinctio magni excepturi.',256,14,NULL,'2024-02-27 21:24:49','2024-02-27 21:24:49'),(40,'Et iure est facere porro dolorem sit. Quia dolor saepe at libero vitae.',220,5,NULL,'2024-02-27 21:24:49','2024-02-27 21:24:49'),(41,'Qui cupiditate quia est numquam.',83,27,NULL,'2024-02-27 21:24:49','2024-02-27 21:24:49'),(42,'Repellendus voluptatem non est autem eos voluptatibus. Reiciendis id odit provident corrupti.',174,46,NULL,'2024-02-27 21:24:49','2024-02-27 21:24:49'),(43,'Recusandae dolor corporis dolor distinctio illum. Dolorum excepturi sequi nostrum debitis quam amet omnis excepturi.',97,46,NULL,'2024-02-27 21:24:49','2024-02-27 21:24:49'),(44,'Et iure necessitatibus culpa occaecati dolorem earum.',87,40,NULL,'2024-02-27 21:24:49','2024-02-27 21:24:49'),(45,'Qui dolorum dicta ullam accusamus quaerat porro.',100,44,NULL,'2024-02-27 21:24:49','2024-02-27 21:24:49'),(46,'Illo sunt vitae voluptas sit blanditiis vitae et unde.',214,6,NULL,'2024-02-27 21:24:49','2024-02-27 21:24:49'),(47,'Odio exercitationem enim repellat ab.',216,32,NULL,'2024-02-27 21:24:49','2024-02-27 21:24:49'),(48,'Repudiandae perferendis reprehenderit enim eum exercitationem et voluptatem voluptatem. Enim qui dolores qui.',58,23,NULL,'2024-02-27 21:24:49','2024-02-27 21:24:49'),(49,'Adipisci perspiciatis ad ut odit maxime.',203,44,NULL,'2024-02-27 21:24:49','2024-02-27 21:24:49'),(50,'Commodi corporis sed architecto itaque et distinctio. Provident et omnis perspiciatis voluptatum rerum laudantium possimus consectetur.',147,10,NULL,'2024-02-27 21:24:49','2024-02-27 21:24:49'),(51,'Aut vitae facere eum quod commodi minima cumque reprehenderit. Aut iste a vel.',228,19,NULL,'2024-02-27 21:24:49','2024-02-27 21:24:49'),(52,'Nobis illum molestiae dolores consequuntur omnis molestiae et non. Optio rerum in quam nihil veniam et.',172,1,NULL,'2024-02-27 21:24:49','2024-02-27 21:24:49'),(53,'Non rerum iste aut minima. Quod libero aut vero.',193,46,NULL,'2024-02-27 21:24:49','2024-02-27 21:24:49'),(54,'Ipsa eaque est dolorem omnis dolor quisquam.',175,27,NULL,'2024-02-27 21:24:49','2024-02-27 21:24:49'),(55,'Debitis porro voluptatibus sint rerum ut vel. Eos aliquid et et explicabo quo eligendi debitis.',45,31,NULL,'2024-02-27 21:24:49','2024-02-27 21:24:49'),(56,'Aperiam sunt repudiandae harum officia. Delectus molestiae reprehenderit alias.',59,46,NULL,'2024-02-27 21:24:49','2024-02-27 21:24:49'),(57,'Consectetur molestiae enim rem sint provident vitae.',183,24,NULL,'2024-02-27 21:24:49','2024-02-27 21:24:49'),(58,'Maiores voluptatum nemo et. Non debitis dolores cupiditate enim error culpa dolor.',44,41,NULL,'2024-02-27 21:24:49','2024-02-27 21:24:49'),(59,'Autem laboriosam culpa laboriosam eaque.',130,29,NULL,'2024-02-27 21:24:49','2024-02-27 21:24:49'),(60,'Sit accusantium odit modi tempore.',109,8,NULL,'2024-02-27 21:24:49','2024-02-27 21:24:49'),(61,'Illo porro autem placeat dolor.',162,37,NULL,'2024-02-27 21:24:49','2024-02-27 21:24:49'),(62,'Quis omnis fuga cum consectetur et. Quia cum quas deleniti praesentium.',122,48,NULL,'2024-02-27 21:24:49','2024-02-27 21:24:49'),(63,'Et aut in dolores impedit quo nemo excepturi et. Hic iste eum quaerat sequi corporis perferendis in explicabo.',11,25,NULL,'2024-02-27 21:24:49','2024-02-27 21:24:49'),(64,'Corrupti aut consectetur ullam delectus velit qui officia. Voluptatum repudiandae animi praesentium perferendis rerum recusandae doloribus.',203,21,NULL,'2024-02-27 21:24:49','2024-02-27 21:24:49'),(65,'Enim rerum facilis et reiciendis dolor.',47,8,NULL,'2024-02-27 21:24:49','2024-02-27 21:24:49'),(66,'Sapiente est porro blanditiis est quia. Corporis delectus id quae est.',174,29,NULL,'2024-02-27 21:24:49','2024-02-27 21:24:49'),(67,'Eius facere sint quo voluptates recusandae aperiam consequatur voluptas.',222,21,NULL,'2024-02-27 21:24:49','2024-02-27 21:24:49'),(68,'Id voluptatem omnis et nesciunt rem aut. Qui distinctio velit voluptates animi.',54,33,NULL,'2024-02-27 21:24:49','2024-02-27 21:24:49'),(69,'Esse quidem asperiores labore omnis vel aut ab. Aut ducimus qui iusto deserunt quasi.',62,14,NULL,'2024-02-27 21:24:49','2024-02-27 21:24:49'),(70,'Nemo suscipit perspiciatis quaerat eum nemo dolor perspiciatis in.',77,7,NULL,'2024-02-27 21:24:49','2024-02-27 21:24:49'),(71,'Laboriosam modi et veniam tempore nam voluptatibus nesciunt. Sed ut labore et suscipit quo autem.',105,48,NULL,'2024-02-27 21:24:49','2024-02-27 21:24:49'),(72,'Beatae omnis voluptates ullam quod odio ut deleniti sed.',252,11,NULL,'2024-02-27 21:24:49','2024-02-27 21:24:49'),(73,'Ut ratione reprehenderit molestiae. Vitae itaque molestias hic sed sed est odio.',126,8,NULL,'2024-02-27 21:24:49','2024-02-27 21:24:49'),(74,'Iste doloribus maxime nisi saepe voluptate necessitatibus quia.',192,10,NULL,'2024-02-27 21:24:49','2024-02-27 21:24:49'),(75,'Maxime neque quia architecto ducimus recusandae aut. Consequatur occaecati earum alias est quaerat asperiores neque.',228,4,NULL,'2024-02-27 21:24:49','2024-02-27 21:24:49'),(76,'Atque ad fugit dignissimos enim culpa.',48,32,NULL,'2024-02-27 21:24:49','2024-02-27 21:24:49'),(77,'Aut ad dolores vero voluptatem est et nihil.',168,28,NULL,'2024-02-27 21:24:49','2024-02-27 21:24:49'),(78,'Odio asperiores provident maiores odit voluptas voluptatibus. Cupiditate aperiam quibusdam dignissimos aut.',15,25,NULL,'2024-02-27 21:24:49','2024-02-27 21:24:49'),(79,'Suscipit id accusantium doloribus sequi officia assumenda qui quo. Et et voluptatum consequatur vitae et adipisci.',237,6,NULL,'2024-02-27 21:24:49','2024-02-27 21:24:49'),(80,'Quia atque ab quis tenetur ipsum quasi.',39,19,NULL,'2024-02-27 21:24:49','2024-02-27 21:24:49'),(81,'Quae reprehenderit nam nemo sequi delectus. Deleniti dolor voluptas delectus quaerat aut sunt facere.',18,19,NULL,'2024-02-27 21:24:49','2024-02-27 21:24:49'),(82,'Explicabo mollitia illum debitis. Qui aliquid quisquam qui qui voluptatem et quia.',134,15,NULL,'2024-02-27 21:24:49','2024-02-27 21:24:49'),(83,'Repellendus esse consequatur voluptatem et quidem. Temporibus similique eos est quia.',98,18,NULL,'2024-02-27 21:24:49','2024-02-27 21:24:49'),(84,'Et qui est et commodi doloremque inventore. Delectus ab et assumenda qui.',192,27,NULL,'2024-02-27 21:24:49','2024-02-27 21:24:49'),(85,'Consectetur provident non eius nostrum fuga. Quo debitis ut sit voluptatum.',254,24,NULL,'2024-02-27 21:24:49','2024-02-27 21:24:49'),(86,'Occaecati quibusdam velit voluptates nihil ut eos.',54,25,NULL,'2024-02-27 21:24:49','2024-02-27 21:24:49'),(87,'Et sit consequuntur nulla doloremque occaecati ullam corrupti et.',159,47,NULL,'2024-02-27 21:24:49','2024-02-27 21:24:49'),(88,'Ut minus et modi quasi.',201,12,NULL,'2024-02-27 21:24:49','2024-02-27 21:24:49'),(89,'Natus expedita eos libero alias dicta. Fuga laborum ipsam esse ipsam.',20,44,NULL,'2024-02-27 21:24:49','2024-02-27 21:24:49'),(90,'Tempora veniam id consequatur accusamus beatae ut omnis.',37,4,NULL,'2024-02-27 21:24:49','2024-02-27 21:24:49'),(91,'Reiciendis recusandae illum a impedit.',111,40,NULL,'2024-02-27 21:24:49','2024-02-27 21:24:49'),(92,'Sunt assumenda corporis soluta voluptatem. Laudantium dolor maxime ea rerum non vitae vel.',154,26,NULL,'2024-02-27 21:24:49','2024-02-27 21:24:49'),(93,'Odio voluptates tempore quaerat est non.',260,19,NULL,'2024-02-27 21:24:49','2024-02-27 21:24:49'),(94,'Et vel optio corporis dolorum.',93,7,NULL,'2024-02-27 21:24:49','2024-02-27 21:24:49'),(95,'Neque cumque harum aut ea.',137,4,NULL,'2024-02-27 21:24:49','2024-02-27 21:24:49'),(96,'Culpa voluptatibus natus molestiae dolor magnam ea veritatis. Consequatur rerum corrupti aliquid necessitatibus ea expedita.',179,45,NULL,'2024-02-27 21:24:49','2024-02-27 21:24:49'),(97,'Ut excepturi doloribus assumenda aperiam asperiores alias quam.',140,15,NULL,'2024-02-27 21:24:49','2024-02-27 21:24:49'),(98,'Aut enim fugit iusto suscipit nesciunt. Qui eveniet quo perferendis consequatur velit quo.',197,19,NULL,'2024-02-27 21:24:49','2024-02-27 21:24:49'),(99,'Mollitia ab quaerat vel ea debitis.',11,10,NULL,'2024-02-27 21:24:49','2024-02-27 21:24:49'),(100,'Hic sed voluptatem quasi ullam earum rerum hic. Quos nulla consequatur vitae quia totam.',11,33,NULL,'2024-02-27 21:24:49','2024-02-27 21:24:49'),(101,'Et accusantium quibusdam pariatur veritatis culpa nemo autem.',232,14,NULL,'2024-02-27 21:24:49','2024-02-27 21:24:49'),(102,'Qui itaque fugiat sequi ad quia.',43,1,NULL,'2024-02-27 21:24:49','2024-02-27 21:24:49'),(103,'Nulla odit ut sint dolores facilis et suscipit vitae.',135,42,NULL,'2024-02-27 21:24:49','2024-02-27 21:24:49'),(104,'Voluptas exercitationem dignissimos minus.',98,39,NULL,'2024-02-27 21:24:49','2024-02-27 21:24:49'),(105,'Praesentium mollitia nemo neque explicabo sapiente qui. Sed debitis saepe non consequatur.',257,23,NULL,'2024-02-27 21:24:49','2024-02-27 21:24:49'),(106,'Quo asperiores numquam ducimus dignissimos.',199,7,NULL,'2024-02-27 21:24:49','2024-02-27 21:24:49'),(107,'Ab omnis natus iure recusandae eius quo et. Accusantium nemo maiores velit facilis.',164,46,NULL,'2024-02-27 21:24:49','2024-02-27 21:24:49'),(108,'Tenetur dolorem quis voluptas numquam alias eos.',171,33,NULL,'2024-02-27 21:24:49','2024-02-27 21:24:49'),(109,'Perferendis maiores numquam qui sint placeat sequi enim.',41,23,NULL,'2024-02-27 21:24:49','2024-02-27 21:24:49'),(110,'Et consequuntur quaerat mollitia voluptas.',35,11,NULL,'2024-02-27 21:24:49','2024-02-27 21:24:49'),(111,'Sint quis blanditiis voluptate alias magni. Sequi et illo voluptas ipsam incidunt cumque.',82,15,NULL,'2024-02-27 21:24:49','2024-02-27 21:24:49'),(112,'Nulla officiis voluptas quis maxime ratione. Aut optio molestias doloribus qui facere omnis quia.',103,43,NULL,'2024-02-27 21:24:49','2024-02-27 21:24:49'),(113,'Qui officiis earum harum recusandae et officia. Ullam ut dolores ad distinctio asperiores.',223,16,NULL,'2024-02-27 21:24:49','2024-02-27 21:24:49'),(114,'Velit blanditiis ea quia dignissimos officia aut. Nobis quod est eveniet ut ut veritatis nobis.',48,44,NULL,'2024-02-27 21:24:49','2024-02-27 21:24:49'),(115,'Ex molestias quia numquam vel accusamus consequatur.',29,28,NULL,'2024-02-27 21:24:49','2024-02-27 21:24:49'),(116,'Officiis aliquam voluptatem et quisquam eligendi commodi quidem. Quae aliquam et ipsa rerum.',30,29,NULL,'2024-02-27 21:24:49','2024-02-27 21:24:49'),(117,'Est quisquam totam consequatur rerum fugit iste nihil velit. Molestias necessitatibus deserunt corrupti qui aliquam qui.',1,26,NULL,'2024-02-27 21:24:49','2024-02-27 21:24:49'),(118,'Tenetur hic sit in.',192,22,NULL,'2024-02-27 21:24:49','2024-02-27 21:24:49'),(119,'Voluptas in rem quod.',257,16,NULL,'2024-02-27 21:24:49','2024-02-27 21:24:49'),(120,'Perspiciatis exercitationem quia ut quisquam. Optio voluptatum nam id saepe voluptates laudantium.',121,32,NULL,'2024-02-27 21:24:49','2024-02-27 21:24:49'),(121,'Iure fuga dolor consequuntur adipisci hic non enim. Voluptate et et numquam pariatur iure.',206,34,NULL,'2024-02-27 21:24:49','2024-02-27 21:24:49'),(122,'Dignissimos quaerat itaque et est.',38,29,NULL,'2024-02-27 21:24:49','2024-02-27 21:24:49'),(123,'Non repellendus saepe ut itaque.',19,4,NULL,'2024-02-27 21:24:49','2024-02-27 21:24:49'),(124,'Tempora sed et unde rerum dolore delectus mollitia.',168,41,NULL,'2024-02-27 21:24:49','2024-02-27 21:24:49'),(125,'Enim assumenda nesciunt architecto quos.',185,16,NULL,'2024-02-27 21:24:49','2024-02-27 21:24:49'),(126,'Repudiandae fuga temporibus aspernatur alias.',161,24,NULL,'2024-02-27 21:24:49','2024-02-27 21:24:49'),(127,'Soluta iusto et quo voluptas fugiat aut sint.',52,39,NULL,'2024-02-27 21:24:49','2024-02-27 21:24:49'),(128,'Ipsam dolorem voluptatem repudiandae non dolore reprehenderit corrupti.',82,27,NULL,'2024-02-27 21:24:49','2024-02-27 21:24:49'),(129,'Et dolorem voluptatum tempora et suscipit magni est.',143,31,NULL,'2024-02-27 21:24:49','2024-02-27 21:24:49'),(130,'Quam nam quibusdam dolorem. Laboriosam et assumenda illum.',203,44,NULL,'2024-02-27 21:24:49','2024-02-27 21:24:49'),(131,'Voluptas et commodi laudantium qui ut autem. Quis fuga quia quo asperiores ullam.',66,4,NULL,'2024-02-27 21:24:49','2024-02-27 21:24:49'),(132,'Odio dolorem sed quasi sed.',170,1,NULL,'2024-02-27 21:24:49','2024-02-27 21:24:49'),(133,'Dolores quos provident doloremque. Explicabo itaque molestias tenetur explicabo voluptatem molestias.',111,30,NULL,'2024-02-27 21:24:49','2024-02-27 21:24:49'),(134,'Voluptates velit praesentium consequatur. Error incidunt velit eum aliquid.',78,22,NULL,'2024-02-27 21:24:49','2024-02-27 21:24:49'),(135,'Voluptas molestiae ea recusandae ad iusto totam.',124,20,NULL,'2024-02-27 21:24:49','2024-02-27 21:24:49'),(136,'Aliquam rerum quibusdam minus id.',163,48,NULL,'2024-02-27 21:24:49','2024-02-27 21:24:49'),(137,'Temporibus incidunt doloribus omnis aspernatur.',52,23,NULL,'2024-02-27 21:24:49','2024-02-27 21:24:49'),(138,'Deleniti quis ex ut corporis.',27,28,NULL,'2024-02-27 21:24:49','2024-02-27 21:24:49'),(139,'Ipsam accusantium quis consequatur laborum sapiente nostrum. Omnis deleniti omnis eum nostrum.',213,27,NULL,'2024-02-27 21:24:49','2024-02-27 21:24:49'),(140,'Dolor ut exercitationem ullam eligendi.',16,32,NULL,'2024-02-27 21:24:49','2024-02-27 21:24:49'),(141,'Labore culpa reiciendis iure quidem eos eos. Quo temporibus laboriosam reprehenderit beatae nostrum harum.',191,45,NULL,'2024-02-27 21:24:49','2024-02-27 21:24:49'),(142,'Id est cupiditate repellendus nihil voluptate. At asperiores dolorem delectus sapiente.',28,8,NULL,'2024-02-27 21:24:49','2024-02-27 21:24:49'),(143,'Et excepturi qui sint.',252,41,NULL,'2024-02-27 21:24:49','2024-02-27 21:24:49'),(144,'Et sunt enim corrupti doloribus velit rerum.',221,35,NULL,'2024-02-27 21:24:49','2024-02-27 21:24:49'),(145,'Blanditiis tempora ad laborum mollitia illo aut voluptas aliquam.',153,13,NULL,'2024-02-27 21:24:49','2024-02-27 21:24:49'),(146,'Fugit dolores et et et sunt. Ullam sit fuga ut.',199,21,NULL,'2024-02-27 21:24:49','2024-02-27 21:24:49'),(147,'Similique libero consectetur non doloremque vitae necessitatibus impedit.',91,42,NULL,'2024-02-27 21:24:49','2024-02-27 21:24:49'),(148,'Ducimus ut impedit delectus et aliquam nulla odit.',130,24,NULL,'2024-02-27 21:24:49','2024-02-27 21:24:49'),(149,'Dolores excepturi sapiente dolor nesciunt similique.',111,2,NULL,'2024-02-27 21:24:49','2024-02-27 21:24:49'),(150,'Reiciendis quam reiciendis minima sit iure. Ut eaque quidem ipsam porro nesciunt aperiam.',71,9,NULL,'2024-02-27 21:24:49','2024-02-27 21:24:49'),(151,'Explicabo non dolorum illo cumque blanditiis voluptatem. Nemo debitis necessitatibus maxime et in.',198,11,NULL,'2024-02-27 21:24:49','2024-02-27 21:24:49'),(152,'Et repellendus voluptas rem labore.',75,36,NULL,'2024-02-27 21:24:49','2024-02-27 21:24:49'),(153,'Modi id omnis soluta voluptas.',28,3,NULL,'2024-02-27 21:24:49','2024-02-27 21:24:49'),(154,'Impedit et dolor libero aut consequuntur ut cupiditate fuga. Assumenda provident eaque sunt suscipit ex sint voluptates ut.',21,21,NULL,'2024-02-27 21:24:49','2024-02-27 21:24:49'),(155,'Enim ullam aut quos quis nulla praesentium.',192,49,NULL,'2024-02-27 21:24:49','2024-02-27 21:24:49'),(156,'Aut amet ex repellat ut rerum. Magnam rerum sunt corporis aspernatur harum delectus.',120,17,NULL,'2024-02-27 21:24:49','2024-02-27 21:24:49'),(157,'Soluta tenetur voluptas et esse et quia. Assumenda ab consequatur fuga in.',151,43,NULL,'2024-02-27 21:24:49','2024-02-27 21:24:49'),(158,'Est assumenda repudiandae enim est. Non et sint fugiat autem sequi nisi.',73,10,NULL,'2024-02-27 21:24:49','2024-02-27 21:24:49'),(159,'Esse quia minus sunt ut et.',118,18,NULL,'2024-02-27 21:24:49','2024-02-27 21:24:49'),(160,'Et ea illum possimus dignissimos libero. Perspiciatis soluta officia provident at recusandae sed quas.',106,27,NULL,'2024-02-27 21:24:49','2024-02-27 21:24:49'),(161,'Molestiae et beatae voluptatem earum. In id corrupti mollitia eligendi iure et error.',91,44,NULL,'2024-02-27 21:24:49','2024-02-27 21:24:49'),(162,'Id dolore rem consectetur provident. Sed dolores sequi vel modi ea ad.',101,41,NULL,'2024-02-27 21:24:49','2024-02-27 21:24:49'),(163,'Voluptatem ipsam dolorum et accusamus id libero est. Natus et libero nesciunt dicta in esse vero.',66,38,NULL,'2024-02-27 21:24:49','2024-02-27 21:24:49'),(164,'Ipsam voluptatem inventore ut aspernatur. Ea alias animi sit porro et.',13,20,NULL,'2024-02-27 21:24:49','2024-02-27 21:24:49'),(165,'Quisquam nostrum voluptas reiciendis eum nobis et.',93,11,NULL,'2024-02-27 21:24:49','2024-02-27 21:24:49'),(166,'Eligendi ipsam quo sint illum est nihil. Provident sunt officiis voluptas velit.',258,8,NULL,'2024-02-27 21:24:49','2024-02-27 21:24:49'),(167,'Quaerat maxime aspernatur quo incidunt provident corporis. Sapiente quia vel magnam aspernatur assumenda sunt nobis quos.',192,15,NULL,'2024-02-27 21:24:49','2024-02-27 21:24:49'),(168,'Necessitatibus eaque sint alias laborum et. Occaecati ad vero et autem sunt fugit doloremque.',249,14,NULL,'2024-02-27 21:24:49','2024-02-27 21:24:49'),(169,'Enim aut numquam natus velit. Culpa aut officiis deleniti eum quibusdam.',17,13,NULL,'2024-02-27 21:24:49','2024-02-27 21:24:49'),(170,'Sit odit perferendis amet explicabo voluptate iure voluptates blanditiis.',202,20,NULL,'2024-02-27 21:24:49','2024-02-27 21:24:49'),(171,'Molestiae optio aut nostrum et aliquid facilis.',19,16,NULL,'2024-02-27 21:24:49','2024-02-27 21:24:49'),(172,'Expedita assumenda mollitia qui illo inventore.',229,33,NULL,'2024-02-27 21:24:49','2024-02-27 21:24:49'),(173,'Exercitationem error esse molestiae qui facilis. Autem optio rerum consequatur blanditiis.',129,41,NULL,'2024-02-27 21:24:49','2024-02-27 21:24:49'),(174,'Ratione eum et ut consequatur amet atque quisquam.',61,43,NULL,'2024-02-27 21:24:49','2024-02-27 21:24:49'),(175,'Rerum commodi tenetur sed assumenda atque. Similique accusamus quas rerum velit ipsa velit voluptatem.',10,35,NULL,'2024-02-27 21:24:49','2024-02-27 21:24:49'),(176,'Excepturi dolores soluta labore provident recusandae nisi ea sapiente.',11,39,NULL,'2024-02-27 21:24:49','2024-02-27 21:24:49'),(177,'Facilis saepe quia enim non nihil quia.',131,32,NULL,'2024-02-27 21:24:49','2024-02-27 21:24:49'),(178,'Quam ea non accusantium atque. Aut quia dicta iure qui neque.',159,27,NULL,'2024-02-27 21:24:49','2024-02-27 21:24:49'),(179,'Corrupti omnis et iusto est asperiores. Et doloribus aliquid quo placeat est blanditiis.',108,44,NULL,'2024-02-27 21:24:49','2024-02-27 21:24:49'),(180,'Eveniet occaecati maiores accusantium consequatur quia quisquam reprehenderit adipisci.',224,47,NULL,'2024-02-27 21:24:49','2024-02-27 21:24:49'),(181,'Ipsa ea corrupti tenetur aliquid corrupti excepturi dignissimos sequi.',187,50,NULL,'2024-02-27 21:24:49','2024-02-27 21:24:49'),(182,'Dicta sit tempore ut.',110,11,NULL,'2024-02-27 21:24:49','2024-02-27 21:24:49'),(183,'Minima cupiditate saepe nostrum.',122,24,NULL,'2024-02-27 21:24:49','2024-02-27 21:24:49'),(184,'Beatae sapiente ad dolor cumque aut et. Eos quod iusto est accusantium quidem.',224,16,NULL,'2024-02-27 21:24:49','2024-02-27 21:24:49'),(185,'Distinctio deserunt id occaecati aut ut debitis sapiente.',153,4,NULL,'2024-02-27 21:24:49','2024-02-27 21:24:49'),(186,'Aliquid aut nemo possimus sint est fuga.',251,34,NULL,'2024-02-27 21:24:49','2024-02-27 21:24:49'),(187,'Deleniti molestiae labore nam perferendis et aspernatur.',152,14,NULL,'2024-02-27 21:24:49','2024-02-27 21:24:49'),(188,'Iste ducimus sed architecto et.',156,19,NULL,'2024-02-27 21:24:49','2024-02-27 21:24:49'),(189,'Ratione nam nesciunt cum ipsa repellat enim nisi. Illum dolores necessitatibus maxime voluptas velit aspernatur qui in.',115,24,NULL,'2024-02-27 21:24:49','2024-02-27 21:24:49'),(190,'Delectus recusandae sunt ipsam voluptatem.',125,19,NULL,'2024-02-27 21:24:49','2024-02-27 21:24:49'),(191,'Vitae commodi quaerat consectetur cumque suscipit.',76,18,NULL,'2024-02-27 21:24:49','2024-02-27 21:24:49'),(192,'Optio voluptatem unde nostrum ullam ipsam omnis ducimus. Blanditiis placeat odio hic ex voluptatem.',92,6,NULL,'2024-02-27 21:24:49','2024-02-27 21:24:49'),(193,'Qui non blanditiis rerum ipsam voluptates soluta sunt.',23,19,NULL,'2024-02-27 21:24:49','2024-02-27 21:24:49'),(194,'Est autem et quod consequatur hic harum magni autem. Delectus velit deleniti ipsa.',136,45,NULL,'2024-02-27 21:24:49','2024-02-27 21:24:49'),(195,'Sint ut voluptatem non nisi non.',96,14,NULL,'2024-02-27 21:24:49','2024-02-27 21:24:49'),(196,'Similique dolore quisquam vitae.',243,24,NULL,'2024-02-27 21:24:49','2024-02-27 21:24:49'),(197,'Et quidem facilis et repellat et architecto eum. Itaque beatae qui praesentium expedita sint.',128,27,NULL,'2024-02-27 21:24:49','2024-02-27 21:24:49'),(198,'Rerum cumque dolores ea voluptatem consectetur qui autem.',16,38,NULL,'2024-02-27 21:24:49','2024-02-27 21:24:49'),(199,'Quasi accusantium soluta rerum qui quo.',34,41,NULL,'2024-02-27 21:24:49','2024-02-27 21:24:49'),(200,'Fugiat ea sint dolorem dolor sit consectetur.',110,7,NULL,'2024-02-27 21:24:49','2024-02-27 21:24:49'),(201,'Expedita et aliquid reprehenderit harum. Ab reprehenderit voluptatem a ut quasi ipsum culpa.',205,8,NULL,'2024-02-27 21:24:49','2024-02-27 21:24:49'),(202,'Ipsum consectetur quia iste est ipsa.',221,28,NULL,'2024-02-27 21:24:49','2024-02-27 21:24:49'),(203,'Omnis et quis sunt et aut rerum.',124,12,NULL,'2024-02-27 21:24:49','2024-02-27 21:24:49'),(204,'In dolores neque rerum natus fugiat.',251,38,NULL,'2024-02-27 21:24:49','2024-02-27 21:24:49'),(205,'Et magnam voluptatem quos tenetur. Officia dolores nesciunt velit.',227,40,NULL,'2024-02-27 21:24:49','2024-02-27 21:24:49'),(206,'Suscipit possimus neque quibusdam et est sint. Odio qui quae omnis rerum.',227,21,NULL,'2024-02-27 21:24:49','2024-02-27 21:24:49'),(207,'Voluptates delectus voluptatem quia sit culpa pariatur quibusdam. Et libero dignissimos quo qui laborum debitis rerum.',210,1,NULL,'2024-02-27 21:24:49','2024-02-27 21:24:49'),(208,'Voluptates odio repellat minus sequi iure.',214,2,NULL,'2024-02-27 21:24:49','2024-02-27 21:24:49'),(209,'Expedita quia deserunt neque nulla officia id.',34,20,NULL,'2024-02-27 21:24:49','2024-02-27 21:24:49'),(210,'Dolor eos est ea a voluptas. Porro repellendus consequatur id nihil.',122,10,NULL,'2024-02-27 21:24:49','2024-02-27 21:24:49'),(211,'Excepturi vel voluptas natus aut omnis laudantium commodi. Aliquid sit nulla quasi ut at officia.',108,15,NULL,'2024-02-27 21:24:49','2024-02-27 21:24:49'),(212,'Rerum optio minima est magnam ratione dolorem at ut.',98,29,NULL,'2024-02-27 21:24:49','2024-02-27 21:24:49'),(213,'Nihil veniam sed iusto reiciendis ad mollitia voluptas.',186,47,NULL,'2024-02-27 21:24:49','2024-02-27 21:24:49'),(214,'Quod aspernatur ducimus sunt corporis voluptas aut in.',5,16,NULL,'2024-02-27 21:24:49','2024-02-27 21:24:49'),(215,'Est et ut dignissimos ducimus.',245,40,NULL,'2024-02-27 21:24:49','2024-02-27 21:24:49'),(216,'Autem voluptatem est et.',73,43,NULL,'2024-02-27 21:24:49','2024-02-27 21:24:49'),(217,'Provident repellat est iste inventore commodi. Delectus dolor aut delectus.',156,8,NULL,'2024-02-27 21:24:49','2024-02-27 21:24:49'),(218,'Pariatur neque sed atque eveniet ducimus veritatis est voluptas. Consequatur consequatur nisi in a.',102,23,NULL,'2024-02-27 21:24:49','2024-02-27 21:24:49'),(219,'Minima sed dolorem laboriosam corrupti labore.',251,43,NULL,'2024-02-27 21:24:49','2024-02-27 21:24:49'),(220,'Soluta et voluptatum atque sunt enim qui rerum. Id dolor vero at asperiores porro aliquid doloremque occaecati.',245,44,NULL,'2024-02-27 21:24:49','2024-02-27 21:24:49'),(221,'Veniam occaecati occaecati harum necessitatibus.',189,28,NULL,'2024-02-27 21:24:49','2024-02-27 21:24:49'),(222,'Quae maiores ea labore omnis dolorem quasi minus dolorem. Et reprehenderit nihil asperiores odit neque neque vel voluptates.',226,37,NULL,'2024-02-27 21:24:49','2024-02-27 21:24:49'),(223,'Qui molestiae ratione qui omnis. Quos enim molestiae aut asperiores iure.',86,43,NULL,'2024-02-27 21:24:49','2024-02-27 21:24:49'),(224,'Porro vel numquam ratione necessitatibus placeat quisquam ut non.',233,47,NULL,'2024-02-27 21:24:49','2024-02-27 21:24:49'),(225,'Quia modi assumenda sint perferendis. Laudantium aut doloremque minima autem eveniet.',9,34,NULL,'2024-02-27 21:24:49','2024-02-27 21:24:49'),(226,'Doloribus sint omnis sint expedita nesciunt. Architecto ratione quo occaecati doloremque non ut.',193,40,NULL,'2024-02-27 21:24:49','2024-02-27 21:24:49'),(227,'Quas voluptatem illo praesentium. Natus delectus perferendis quos ipsam error.',12,4,NULL,'2024-02-27 21:24:49','2024-02-27 21:24:49'),(228,'Praesentium deserunt itaque quia non ullam nisi enim rem. Aut tempora molestias culpa voluptas quis quaerat corporis.',118,9,NULL,'2024-02-27 21:24:49','2024-02-27 21:24:49'),(229,'Eius corrupti et occaecati corporis minus cumque necessitatibus.',209,13,NULL,'2024-02-27 21:24:49','2024-02-27 21:24:49'),(230,'Optio repellendus neque id dolores perferendis qui minima et. Magni delectus excepturi qui non modi.',171,42,NULL,'2024-02-27 21:24:49','2024-02-27 21:24:49'),(231,'Provident aliquid dolore quia ipsum sed.',35,28,NULL,'2024-02-27 21:24:49','2024-02-27 21:24:49'),(232,'Voluptas quod quos aliquid est. Aut inventore libero at et totam officiis voluptatum et.',39,33,NULL,'2024-02-27 21:24:49','2024-02-27 21:24:49'),(233,'Nulla odio est temporibus architecto unde.',33,50,NULL,'2024-02-27 21:24:49','2024-02-27 21:24:49'),(234,'Placeat laudantium facilis non qui.',243,11,NULL,'2024-02-27 21:24:49','2024-02-27 21:24:49'),(235,'Qui sed odit aut sed molestiae. Omnis doloribus eligendi quis quia et.',242,46,NULL,'2024-02-27 21:24:49','2024-02-27 21:24:49'),(236,'Dolores sint velit pariatur suscipit quia minima minus.',181,41,NULL,'2024-02-27 21:24:49','2024-02-27 21:24:49'),(237,'Non id id sed omnis praesentium voluptas.',32,43,NULL,'2024-02-27 21:24:49','2024-02-27 21:24:49'),(238,'Aperiam dolor fuga natus incidunt minus alias.',97,35,NULL,'2024-02-27 21:24:49','2024-02-27 21:24:49'),(239,'Et laborum eligendi minima quia doloremque veniam.',27,3,NULL,'2024-02-27 21:24:49','2024-02-27 21:24:49'),(240,'Placeat illo minima quo illum ut.',110,23,NULL,'2024-02-27 21:24:49','2024-02-27 21:24:49'),(241,'Nam autem repellat perspiciatis consequatur ducimus quae.',149,5,NULL,'2024-02-27 21:24:49','2024-02-27 21:24:49'),(242,'Ea odio fugiat placeat reiciendis ipsa quia. Sit reprehenderit pariatur nulla commodi amet consequatur ipsam.',14,25,NULL,'2024-02-27 21:24:50','2024-02-27 21:24:50'),(243,'Tenetur omnis placeat id sed suscipit voluptas ducimus vel. Et labore et dicta necessitatibus rerum.',62,34,NULL,'2024-02-27 21:24:50','2024-02-27 21:24:50'),(244,'Illum quo eligendi sit molestiae. Distinctio facilis sed ut omnis.',85,48,NULL,'2024-02-27 21:24:50','2024-02-27 21:24:50'),(245,'Sed ea eius nihil eos quo.',189,40,NULL,'2024-02-27 21:24:50','2024-02-27 21:24:50'),(246,'Voluptatem fugit animi aut molestiae unde nam.',32,26,NULL,'2024-02-27 21:24:50','2024-02-27 21:24:50'),(247,'Temporibus facere repudiandae fuga facilis maiores voluptas omnis. Corrupti dolores cum voluptatem aspernatur est qui sint.',43,39,NULL,'2024-02-27 21:24:50','2024-02-27 21:24:50'),(248,'Dolor culpa facere doloremque ad et.',145,44,NULL,'2024-02-27 21:24:50','2024-02-27 21:24:50'),(249,'Eos magnam harum architecto suscipit ratione.',49,37,NULL,'2024-02-27 21:24:50','2024-02-27 21:24:50'),(250,'Iusto rerum tempore facilis minima tempora ratione aut.',82,25,NULL,'2024-02-27 21:24:50','2024-02-27 21:24:50'),(251,'Iusto exercitationem ipsum illo sint.',232,40,NULL,'2024-02-27 21:24:50','2024-02-27 21:24:50'),(252,'Dolores sunt et dignissimos sint harum assumenda deleniti.',193,2,NULL,'2024-02-27 21:24:50','2024-02-27 21:24:50'),(253,'Nisi nihil aspernatur repellendus ea aut. Ut dolorum a saepe in illo.',24,28,NULL,'2024-02-27 21:24:50','2024-02-27 21:24:50'),(254,'Ex quia quis omnis quod soluta.',112,9,NULL,'2024-02-27 21:24:50','2024-02-27 21:24:50'),(255,'Qui deleniti sed temporibus dicta quia voluptas est. Blanditiis non et sit id.',149,26,NULL,'2024-02-27 21:24:50','2024-02-27 21:24:50'),(256,'Nesciunt fuga corrupti minima aperiam similique iste veniam. Reiciendis placeat fugiat consequatur qui.',196,32,NULL,'2024-02-27 21:24:50','2024-02-27 21:24:50'),(257,'Numquam repellendus aut ab iusto aperiam sapiente rerum voluptatem.',91,47,NULL,'2024-02-27 21:24:50','2024-02-27 21:24:50'),(258,'Quia nihil a amet et. Eveniet ea velit iure earum.',137,37,NULL,'2024-02-27 21:24:50','2024-02-27 21:24:50'),(259,'Error architecto et earum voluptatibus ea et ullam.',122,35,NULL,'2024-02-27 21:24:50','2024-02-27 21:24:50'),(260,'Ut voluptas id ratione mollitia. Debitis saepe et nostrum in autem.',97,7,NULL,'2024-02-27 21:24:50','2024-02-27 21:24:50'),(261,'Id aperiam dicta sunt et recusandae corrupti minus.',128,13,NULL,'2024-02-27 21:24:50','2024-02-27 21:24:50'),(262,'Distinctio suscipit quam natus id esse laudantium fugit.',133,16,NULL,'2024-02-27 21:24:50','2024-02-27 21:24:50'),(263,'Laboriosam et quidem nihil aut. Quisquam fuga quia et quisquam consequatur.',131,34,NULL,'2024-02-27 21:24:50','2024-02-27 21:24:50'),(264,'Culpa enim voluptas laudantium ea magni autem veniam.',246,19,NULL,'2024-02-27 21:24:50','2024-02-27 21:24:50'),(265,'Ut beatae et odit officia tempora.',138,26,NULL,'2024-02-27 21:24:50','2024-02-27 21:24:50'),(266,'Reprehenderit dolorum iste quis earum.',125,39,NULL,'2024-02-27 21:24:50','2024-02-27 21:24:50'),(267,'Aspernatur impedit voluptate non error quis consectetur tempore.',151,14,NULL,'2024-02-27 21:24:50','2024-02-27 21:24:50'),(268,'Quasi ex asperiores sint rerum tempora qui. Iusto sed provident sit quo quod quia dolorem.',215,46,NULL,'2024-02-27 21:24:50','2024-02-27 21:24:50'),(269,'Cupiditate dolore sed dolores at.',177,24,NULL,'2024-02-27 21:24:50','2024-02-27 21:24:50'),(270,'Nobis doloribus ullam perspiciatis.',232,43,NULL,'2024-02-27 21:24:50','2024-02-27 21:24:50'),(271,'Aut atque quaerat necessitatibus possimus veritatis explicabo. Illum tenetur quidem eveniet nostrum.',54,33,NULL,'2024-02-27 21:24:50','2024-02-27 21:24:50'),(272,'Dicta totam atque quia dolore voluptatem dolores eveniet alias. Sit voluptatem qui voluptatem dolorum.',9,19,NULL,'2024-02-27 21:24:50','2024-02-27 21:24:50'),(273,'Eos laborum illo non qui sunt.',89,2,NULL,'2024-02-27 21:24:50','2024-02-27 21:24:50'),(274,'Odio impedit delectus et doloremque assumenda.',25,7,NULL,'2024-02-27 21:24:50','2024-02-27 21:24:50'),(275,'Natus est eos quae.',194,34,NULL,'2024-02-27 21:24:50','2024-02-27 21:24:50'),(276,'Ex quidem reiciendis mollitia. Est iure blanditiis cum ut esse corrupti ut.',161,35,NULL,'2024-02-27 21:24:50','2024-02-27 21:24:50'),(277,'Beatae et itaque quis dolores repellendus voluptas quis dolore.',151,3,NULL,'2024-02-27 21:24:50','2024-02-27 21:24:50'),(278,'Doloremque adipisci quia dolores earum sit commodi aut. Libero praesentium molestiae et sunt odit.',165,43,NULL,'2024-02-27 21:24:50','2024-02-27 21:24:50'),(279,'Sed consequatur est in ipsum.',163,25,NULL,'2024-02-27 21:24:50','2024-02-27 21:24:50'),(280,'Et qui voluptatem rerum. Nihil natus aperiam esse ut.',151,40,NULL,'2024-02-27 21:24:50','2024-02-27 21:24:50'),(281,'Id a ut et aperiam accusamus minus debitis.',71,8,NULL,'2024-02-27 21:24:50','2024-02-27 21:24:50'),(282,'Eveniet in est qui suscipit harum.',27,38,NULL,'2024-02-27 21:24:50','2024-02-27 21:24:50'),(283,'Voluptates ab velit ea rerum beatae explicabo. Nesciunt et et rerum autem necessitatibus ipsam.',221,13,NULL,'2024-02-27 21:24:50','2024-02-27 21:24:50'),(284,'Eos aperiam iure est ut consequuntur non.',246,20,NULL,'2024-02-27 21:24:50','2024-02-27 21:24:50'),(285,'Qui sint laboriosam soluta repudiandae.',104,38,NULL,'2024-02-27 21:24:50','2024-02-27 21:24:50'),(286,'Voluptatem minus a magnam odit.',30,18,NULL,'2024-02-27 21:24:50','2024-02-27 21:24:50'),(287,'Sit odio qui facere sint aut. Qui maxime ratione ullam rerum.',5,34,NULL,'2024-02-27 21:24:50','2024-02-27 21:24:50'),(288,'Tempore sit dolores ullam laboriosam debitis quis ipsum. Explicabo aliquid omnis tempore voluptas accusantium labore porro.',244,24,NULL,'2024-02-27 21:24:50','2024-02-27 21:24:50'),(289,'Quia dolores non mollitia et sapiente.',216,47,NULL,'2024-02-27 21:24:50','2024-02-27 21:24:50'),(290,'Quae incidunt quas enim ab.',182,33,NULL,'2024-02-27 21:24:50','2024-02-27 21:24:50'),(291,'Ducimus temporibus eaque est voluptas dolore amet sit. Non et exercitationem et ipsa enim.',71,30,NULL,'2024-02-27 21:24:50','2024-02-27 21:24:50'),(292,'Perferendis ut voluptatibus eius et rerum. Dicta non praesentium asperiores incidunt quibusdam consequatur.',178,43,NULL,'2024-02-27 21:24:50','2024-02-27 21:24:50'),(293,'Molestias pariatur rerum cum eligendi fugiat. Et minima exercitationem autem molestias consectetur natus.',190,31,NULL,'2024-02-27 21:24:50','2024-02-27 21:24:50'),(294,'Possimus placeat impedit iusto delectus dolor. Aut sed corrupti molestias qui.',260,37,NULL,'2024-02-27 21:24:50','2024-02-27 21:24:50'),(295,'Ab vero in reprehenderit nostrum.',153,50,NULL,'2024-02-27 21:24:50','2024-02-27 21:24:50'),(296,'Atque quod et vero voluptatem ea similique. Exercitationem odit provident debitis.',25,5,NULL,'2024-02-27 21:24:50','2024-02-27 21:24:50'),(297,'Et et eos ad esse vero omnis.',40,48,NULL,'2024-02-27 21:24:50','2024-02-27 21:24:50'),(298,'Voluptates a tenetur sapiente aspernatur earum. Esse doloremque tenetur cupiditate laudantium.',133,7,NULL,'2024-02-27 21:24:50','2024-02-27 21:24:50'),(299,'Recusandae amet quis rerum.',72,23,NULL,'2024-02-27 21:24:50','2024-02-27 21:24:50'),(300,'Eius rem doloribus id nihil officia consequatur fugit. Perspiciatis tempora eos qui enim blanditiis est impedit.',126,18,NULL,'2024-02-27 21:24:50','2024-02-27 21:24:50'),(301,'Hic dolore omnis voluptas sed. Possimus reprehenderit a eos animi dolorum.',168,43,NULL,'2024-02-27 21:24:50','2024-02-27 21:24:50'),(302,'Alias et ea praesentium ratione. Inventore et aspernatur delectus iusto asperiores.',236,48,NULL,'2024-02-27 21:24:50','2024-02-27 21:24:50'),(303,'Sed iure est nostrum quia explicabo aut.',141,1,NULL,'2024-02-27 21:24:50','2024-02-27 21:24:50'),(304,'Et ea quo aperiam vero.',204,37,NULL,'2024-02-27 21:24:50','2024-02-27 21:24:50'),(305,'Aut porro molestiae blanditiis tempore. Cum nisi est quos voluptates.',159,5,NULL,'2024-02-27 21:24:50','2024-02-27 21:24:50'),(306,'Odit commodi fugit illo laborum sapiente.',181,34,NULL,'2024-02-27 21:24:50','2024-02-27 21:24:50'),(307,'Corporis dolor dolorem in aperiam.',93,17,NULL,'2024-02-27 21:24:50','2024-02-27 21:24:50'),(308,'Quas quos nobis iste inventore ipsam ab beatae. Est voluptate consequatur autem quibusdam quo velit.',241,1,NULL,'2024-02-27 21:24:50','2024-02-27 21:24:50'),(309,'Eius id nemo sit laudantium vitae eveniet.',57,32,NULL,'2024-02-27 21:24:50','2024-02-27 21:24:50'),(310,'Fuga debitis dolores accusamus soluta vel. Ut atque labore odit.',218,38,NULL,'2024-02-27 21:24:50','2024-02-27 21:24:50'),(311,'Ut ut quia dicta deleniti voluptatem quae. Nam dolorem reiciendis et repudiandae et.',6,33,NULL,'2024-02-27 21:24:50','2024-02-27 21:24:50'),(312,'Voluptas quos libero in. Ut ut neque doloremque velit.',79,9,NULL,'2024-02-27 21:24:50','2024-02-27 21:24:50'),(313,'Dolore qui assumenda commodi ratione dignissimos.',139,7,NULL,'2024-02-27 21:24:50','2024-02-27 21:24:50'),(314,'Ipsam ullam ullam non non voluptate. Consequuntur animi culpa nemo neque corrupti velit tenetur.',193,45,NULL,'2024-02-27 21:24:50','2024-02-27 21:24:50'),(315,'Et incidunt et dolorem hic reiciendis dolorem laboriosam.',199,7,NULL,'2024-02-27 21:24:50','2024-02-27 21:24:50'),(316,'Veniam facere nostrum maxime. Voluptate id commodi eos quaerat ipsam aut.',254,10,NULL,'2024-02-27 21:24:50','2024-02-27 21:24:50'),(317,'Laboriosam sed molestias architecto unde dicta omnis. Facilis magni eligendi tempora omnis inventore quia.',220,7,NULL,'2024-02-27 21:24:50','2024-02-27 21:24:50'),(318,'Doloremque porro itaque aut praesentium. Sed voluptates consequatur expedita distinctio.',89,9,NULL,'2024-02-27 21:24:50','2024-02-27 21:24:50'),(319,'Ad nam praesentium similique.',216,7,NULL,'2024-02-27 21:24:50','2024-02-27 21:24:50'),(320,'Repellat deserunt et illo omnis.',223,22,NULL,'2024-02-27 21:24:50','2024-02-27 21:24:50');
/*!40000 ALTER TABLE `comments` ENABLE KEYS */;
UNLOCK TABLES;

--
-- Table structure for table `post_statuses`
--

DROP TABLE IF EXISTS `post_statuses`;
/*!40101 SET @saved_cs_client     = @@character_set_client */;
/*!50503 SET character_set_client = utf8mb4 */;
CREATE TABLE `post_statuses` (
  `id` bigint unsigned NOT NULL AUTO_INCREMENT,
  `type` varchar(255) COLLATE utf8mb3_unicode_ci NOT NULL,
  `created_at` timestamp NULL DEFAULT NULL,
  `updated_at` timestamp NULL DEFAULT NULL,
  PRIMARY KEY (`id`)
) ENGINE=InnoDB AUTO_INCREMENT=7 DEFAULT CHARSET=utf8mb3 COLLATE=utf8mb3_unicode_ci;
/*!40101 SET character_set_client = @saved_cs_client */;

--
-- Dumping data for table `post_statuses`
--

LOCK TABLES `post_statuses` WRITE;
/*!40000 ALTER TABLE `post_statuses` DISABLE KEYS */;
INSERT INTO `post_statuses` VALUES (1,'like','2024-02-27 21:24:25','2024-02-27 21:24:25'),(2,'love','2024-02-27 21:24:25','2024-02-27 21:24:25'),(3,'haha','2024-02-27 21:24:25','2024-02-27 21:24:25'),(4,'wow','2024-02-27 21:24:25','2024-02-27 21:24:25'),(5,'sad','2024-02-27 21:24:25','2024-02-27 21:24:25'),(6,'angry','2024-02-27 21:24:25','2024-02-27 21:24:25');
/*!40000 ALTER TABLE `post_statuses` ENABLE KEYS */;
UNLOCK TABLES;

--
-- Table structure for table `posts`
--

DROP TABLE IF EXISTS `posts`;
/*!40101 SET @saved_cs_client     = @@character_set_client */;
/*!50503 SET character_set_client = utf8mb4 */;
CREATE TABLE `posts` (
  `id` bigint unsigned NOT NULL AUTO_INCREMENT,
  `title` varchar(255) COLLATE utf8mb3_unicode_ci NOT NULL,
  `body` text COLLATE utf8mb3_unicode_ci NOT NULL,
  `user_id` bigint unsigned NOT NULL,
  `post_status_id` bigint unsigned NOT NULL,
  `deleted_at` timestamp NULL DEFAULT NULL,
  `created_at` timestamp NULL DEFAULT NULL,
  `updated_at` timestamp NULL DEFAULT NULL,
  PRIMARY KEY (`id`),
  KEY `posts_user_id_foreign` (`user_id`),
  KEY `posts_post_status_id_foreign` (`post_status_id`),
  CONSTRAINT `posts_post_status_id_foreign` FOREIGN KEY (`post_status_id`) REFERENCES `post_statuses` (`id`),
  CONSTRAINT `posts_user_id_foreign` FOREIGN KEY (`user_id`) REFERENCES `users` (`id`)
) ENGINE=InnoDB AUTO_INCREMENT=261 DEFAULT CHARSET=utf8mb3 COLLATE=utf8mb3_unicode_ci;
/*!40101 SET character_set_client = @saved_cs_client */;

--
-- Dumping data for table `posts`
--

LOCK TABLES `posts` WRITE;
/*!40000 ALTER TABLE `posts` DISABLE KEYS */;
INSERT INTO `posts` VALUES (1,'Laudantium veritatis repellat odio officia. Quis quo quo aut consectetur non non rem. Et enim quis et ut esse.','Ut dolor error laboriosam exercitationem id. Id eum et maxime facere.',21,2,NULL,'2024-02-27 21:24:28','2024-02-27 21:24:28'),(2,'Ipsam porro ab qui cum ratione. In iusto sint quos repudiandae est omnis aut. Doloribus voluptatum sed sit quas. Quod alias reprehenderit omnis esse possimus.','Non explicabo et optio enim eligendi voluptas architecto.',4,1,NULL,'2024-02-27 21:24:28','2024-02-27 21:24:28'),(3,'Ut laboriosam placeat quasi aspernatur possimus est. Aperiam qui ab magnam perspiciatis non.','Veniam debitis commodi fugit at accusamus delectus.',42,1,NULL,'2024-02-27 21:24:28','2024-02-27 21:24:28'),(4,'Et aliquam quisquam ipsa labore est unde. Nulla praesentium est ad dolores est aliquid quaerat. Fugiat reprehenderit aliquid quo aspernatur eius deserunt.','Aliquid maiores maxime sequi.',30,4,NULL,'2024-02-27 21:24:28','2024-02-27 21:24:28'),(5,'Molestias enim molestias distinctio commodi. Eum porro qui aperiam porro consequatur provident. Voluptatem dolorem deserunt aut et aut incidunt quisquam esse.','Voluptas sunt eaque iure non aliquid.',43,3,NULL,'2024-02-27 21:24:28','2024-02-27 21:24:28'),(6,'Aut quam vero eveniet. Et voluptate itaque et unde aliquam rem maiores. Occaecati et officiis deserunt placeat fugit ullam commodi aut. Nisi porro laboriosam nesciunt odit.','Expedita iste voluptas dicta dolores voluptas et.',33,6,NULL,'2024-02-27 21:24:28','2024-02-27 21:24:28'),(7,'Veritatis laudantium molestiae voluptatem asperiores. Deserunt sapiente ut quas facere voluptatum est quasi.','Reiciendis ut fugit quis neque distinctio. Illum rerum et vero repudiandae.',30,2,NULL,'2024-02-27 21:24:28','2024-02-27 21:24:28'),(8,'Delectus cupiditate et pariatur earum sed. Qui eos accusamus voluptas odio deleniti. Nobis sint ea rerum aspernatur eaque id non.','Enim explicabo minima officiis placeat qui corrupti enim.',17,5,NULL,'2024-02-27 21:24:28','2024-02-27 21:24:28'),(9,'Ad sed similique ut optio praesentium vel aperiam. Corrupti perspiciatis dolorem odio consequuntur esse qui dolor.','Voluptas rerum incidunt necessitatibus aperiam velit eos.',31,2,NULL,'2024-02-27 21:24:28','2024-02-27 21:24:28'),(10,'Nihil voluptatum eius ab voluptatem necessitatibus et. Iste et possimus ipsa neque aliquam. Facere commodi minus qui est reprehenderit et eius ipsa.','Aperiam qui dolore autem ut. Veritatis odit qui perspiciatis sunt voluptatem et.',35,6,NULL,'2024-02-27 21:24:28','2024-02-27 21:24:28'),(11,'Quod sit molestiae autem blanditiis autem aut. Ab quisquam id eos eos. Aperiam hic rerum aperiam natus illum ut consequatur commodi.','Eius vel sed sit.',9,5,NULL,'2024-02-27 21:24:28','2024-02-27 21:24:28'),(12,'Cupiditate qui cum consectetur cupiditate possimus consectetur. Ab nostrum cum maxime laboriosam voluptas.','Totam cumque sit quibusdam suscipit cupiditate placeat eius rerum.',48,1,NULL,'2024-02-27 21:24:28','2024-02-27 21:24:28'),(13,'In nesciunt sed autem nihil beatae aut vero architecto. Harum mollitia et libero. Beatae quos et tempore.','Modi esse esse sit sit.',10,2,NULL,'2024-02-27 21:24:28','2024-02-27 21:24:28'),(14,'Velit vel ullam id necessitatibus quidem fugiat. Debitis totam esse fugiat dolorum sequi voluptatum vel. Voluptatum consequatur et et ad corrupti quod.','Aspernatur id qui minima aut sed.',28,2,NULL,'2024-02-27 21:24:28','2024-02-27 21:24:28'),(15,'Molestiae molestiae atque natus doloribus. Sed eum ab voluptatibus adipisci. Impedit nisi totam molestiae eos voluptas libero sed.','Et mollitia dicta eum nihil consequuntur voluptatem. Voluptatum distinctio et laudantium maiores quis non praesentium.',29,6,NULL,'2024-02-27 21:24:28','2024-02-27 21:24:28'),(16,'Ad officia consequuntur sed corrupti. Nisi voluptate aperiam quis modi. Id quia beatae eveniet delectus earum autem.','Voluptate voluptatem commodi accusamus. Eum illum omnis possimus eaque quo expedita.',15,5,NULL,'2024-02-27 21:24:28','2024-02-27 21:24:28'),(17,'Beatae dolore numquam aliquid quia magnam enim vitae ex. Veniam expedita iure libero architecto odit. Quo sit ad qui dolorem.','Quia et debitis cum similique fugiat.',6,3,NULL,'2024-02-27 21:24:28','2024-02-27 21:24:28'),(18,'Esse distinctio ad eligendi distinctio. Sed delectus a aut. Alias deserunt odio laboriosam molestiae fuga.','Eum dignissimos possimus maxime praesentium omnis sed.',1,4,NULL,'2024-02-27 21:24:28','2024-02-27 21:24:28'),(19,'Qui exercitationem est quia quidem. Eum ab soluta aut dolores atque laborum. Porro facere occaecati hic doloremque.','Non et iste corporis accusamus non. Alias nisi autem odit odio et deserunt sed.',42,2,NULL,'2024-02-27 21:24:28','2024-02-27 21:24:28'),(20,'Quia rerum alias quisquam. Debitis sed et veritatis facere. Et delectus placeat maiores eum vel voluptas maxime. Veniam qui eveniet ullam accusantium unde animi voluptas est.','Aut corporis facilis corporis.',48,6,NULL,'2024-02-27 21:24:28','2024-02-27 21:24:28'),(21,'Modi est minima quo aut voluptas eum. Nobis quae nihil rerum corrupti. Delectus aspernatur sit alias corrupti accusamus.','Occaecati iure deserunt saepe aperiam ea. Soluta laudantium voluptates aspernatur enim.',30,2,NULL,'2024-02-27 21:24:28','2024-02-27 21:24:28'),(22,'Tempore aspernatur asperiores maxime natus. Voluptatem natus ad nobis doloribus. Est deleniti quia tenetur maxime rerum quod.','Similique hic vitae doloremque.',40,6,NULL,'2024-02-27 21:24:28','2024-02-27 21:24:28'),(23,'Possimus facere doloremque necessitatibus delectus et eligendi consequatur quod. Sequi illo sed commodi voluptatem omnis adipisci enim. Autem voluptas consequatur aliquam dicta.','Rerum ad quis modi mollitia maxime sequi mollitia. Vel minus ut occaecati officia dignissimos.',28,5,NULL,'2024-02-27 21:24:28','2024-02-27 21:24:28'),(24,'Tempore animi corrupti ut omnis necessitatibus autem aut et. Vel qui corrupti et aperiam non nam voluptatem vel. Ex iusto consectetur autem odio maxime.','Adipisci cumque nisi similique eveniet officiis.',8,3,NULL,'2024-02-27 21:24:28','2024-02-27 21:24:28'),(25,'Aliquid laudantium rerum omnis. Vitae rem quis molestias ex est ut. Vitae iure nemo dolorum error corrupti. Quo consequatur facere totam ab.','Voluptatibus debitis sed eos aliquid laboriosam. Ut in ex nobis vero.',36,3,NULL,'2024-02-27 21:24:28','2024-02-27 21:24:28'),(26,'Non ut hic quis consequuntur. Esse reiciendis praesentium ipsum recusandae praesentium itaque. Et libero eaque ut eligendi et. Earum dolore libero omnis atque.','Ut quidem consequatur ipsa eos nulla aperiam. Quo nisi dignissimos consequuntur aperiam quidem.',47,2,NULL,'2024-02-27 21:24:28','2024-02-27 21:24:28'),(27,'Dolorem doloribus quas maxime excepturi est. Eligendi voluptatem et iste quo eos quidem et. Illo itaque consequuntur praesentium sed totam.','Reprehenderit eum quos nisi ab dolores quos similique eius. Et porro ipsam aut molestiae ab consequuntur optio.',43,6,NULL,'2024-02-27 21:24:28','2024-02-27 21:24:28'),(28,'Distinctio et fuga cum atque impedit. At sit possimus quod incidunt. Vero ut excepturi neque dolorem.','Qui quasi earum ex excepturi quis delectus neque.',22,6,NULL,'2024-02-27 21:24:28','2024-02-27 21:24:28'),(29,'Numquam possimus rem quos hic et quis eos. Voluptatem enim pariatur sed cupiditate error aliquam ea. Ea quos ratione exercitationem magnam nihil.','Repudiandae enim quis exercitationem maiores sunt incidunt inventore. Eum ut vero adipisci voluptates earum consequatur.',39,1,NULL,'2024-02-27 21:24:28','2024-02-27 21:24:28'),(30,'Quo repellat consequatur sed. Consequuntur consequatur aspernatur cupiditate et. Veniam autem aperiam voluptates asperiores necessitatibus.','Atque dolor consequuntur quam enim magni eum. Aliquid itaque tenetur omnis vitae labore.',29,6,NULL,'2024-02-27 21:24:28','2024-02-27 21:24:28'),(31,'Dolores placeat dolor eaque qui molestias sed maxime. Iste numquam voluptatem dolor optio enim voluptas amet amet.','Itaque illo ducimus dicta eveniet laboriosam fugiat et.',27,1,NULL,'2024-02-27 21:24:28','2024-02-27 21:24:28'),(32,'Et dolores ut aut. Nulla nulla sint sed voluptate. Deleniti aut veritatis architecto optio atque autem saepe. Eos enim placeat consectetur quo sapiente.','Officiis itaque delectus quos impedit sed dolor. At dignissimos ratione ducimus ut ratione quam vero qui.',15,6,NULL,'2024-02-27 21:24:28','2024-02-27 21:24:28'),(33,'Laudantium nostrum aspernatur ducimus nostrum repudiandae. Sit enim deserunt accusamus non qui. Hic rerum minima sequi. Non non impedit tempore.','Rem exercitationem nostrum quasi quia nostrum. Officia occaecati non vero rerum.',39,5,NULL,'2024-02-27 21:24:28','2024-02-27 21:24:28'),(34,'Perferendis accusamus iure sit soluta eius hic soluta. Rerum illo unde magni ut et voluptas. Maxime enim voluptatem fugiat unde optio laboriosam dolorum nam.','Voluptatem corrupti voluptas nesciunt quis.',32,3,NULL,'2024-02-27 21:24:28','2024-02-27 21:24:28'),(35,'Eveniet ut et quidem labore. Velit alias culpa ea aut. Fugit odit iure velit expedita. Eveniet quia velit ut amet officia qui unde. Aliquam et voluptas ullam dignissimos earum.','Laborum autem ut hic qui.',6,6,NULL,'2024-02-27 21:24:28','2024-02-27 21:24:28'),(36,'Hic voluptatum nemo ut ea tempore fugit asperiores recusandae. Iste ratione voluptatibus debitis assumenda iure. Quo fugit accusamus quasi sint voluptatem.','Numquam ut beatae nihil temporibus non. Cum quia aut qui rerum.',50,3,NULL,'2024-02-27 21:24:28','2024-02-27 21:24:28'),(37,'Et ratione aspernatur quia ducimus numquam nulla qui doloribus. Consequatur sequi sit consequatur nihil voluptatem provident neque. Libero quis sed nihil neque earum.','Quia facilis dolores eos modi maxime quidem id. Beatae cum ad ut voluptatem accusantium corrupti vel at.',33,4,NULL,'2024-02-27 21:24:28','2024-02-27 21:24:28'),(38,'Natus autem incidunt dignissimos qui blanditiis saepe. Velit eos ad nisi earum in. Impedit voluptatem eligendi qui natus. Aut quis deserunt est ut officiis qui placeat et.','Earum non consequuntur veritatis sapiente. Molestiae porro adipisci rerum.',10,3,NULL,'2024-02-27 21:24:28','2024-02-27 21:24:28'),(39,'Fuga in facere sunt nihil. Commodi voluptas deserunt numquam est expedita culpa. Aspernatur pariatur ea consequatur minima asperiores a.','Excepturi sed tenetur nam ut tempora occaecati incidunt voluptatibus. Ut excepturi quia nemo eaque ut.',48,6,NULL,'2024-02-27 21:24:28','2024-02-27 21:24:28'),(40,'Sed odio illo sed et. Et nemo magnam sapiente odit. Omnis perspiciatis delectus vel autem facilis.','Saepe vitae aut optio consectetur porro in odit.',42,4,NULL,'2024-02-27 21:24:28','2024-02-27 21:24:28'),(41,'Necessitatibus qui aut beatae a quis sunt exercitationem pariatur. Recusandae vero earum ipsam voluptatem et aperiam.','Molestiae assumenda consequuntur ut beatae voluptas quia cum.',24,5,NULL,'2024-02-27 21:24:28','2024-02-27 21:24:28'),(42,'Quia incidunt qui dolor voluptatem veniam quidem. Possimus aspernatur inventore deleniti ad fugit.','Minima nostrum quo ipsa atque quod praesentium est. Magni quae accusantium consequatur dolor.',48,2,NULL,'2024-02-27 21:24:28','2024-02-27 21:24:28'),(43,'Exercitationem sint minima consectetur possimus quod mollitia. Assumenda veniam voluptas natus velit. Porro quo minus sit quia voluptatibus fugiat.','Quod deleniti est dolores quis sequi esse.',34,5,NULL,'2024-02-27 21:24:28','2024-02-27 21:24:28'),(44,'A delectus neque ut sit corrupti perspiciatis odio. Minus et iusto quis dolorem voluptatum.','Praesentium sed quos inventore voluptatem. Ipsam nihil dicta et quis nihil quis velit.',34,5,NULL,'2024-02-27 21:24:28','2024-02-27 21:24:28'),(45,'Itaque ducimus velit voluptate et. Blanditiis id velit quod qui ipsam. Exercitationem sed delectus non occaecati est libero et. Consectetur nostrum architecto quia aspernatur.','Minus omnis consequatur est.',36,6,NULL,'2024-02-27 21:24:28','2024-02-27 21:24:28'),(46,'In aut labore quae ea distinctio cum. Sint voluptas quo sit vitae earum omnis non. Tenetur temporibus amet eos cum.','Rem qui temporibus reprehenderit omnis rerum corrupti facere. Pariatur aut velit minima aut ut quia.',12,5,NULL,'2024-02-27 21:24:28','2024-02-27 21:24:28'),(47,'Est sed voluptates animi voluptate unde sint. Architecto cum in esse provident repellendus quae. Et quis iusto repudiandae rem. Esse nihil est natus vitae dolores.','Sed sunt laudantium aliquid consequatur placeat est numquam minima. Dolorem corrupti architecto rerum sed cumque dolorem officia.',10,4,NULL,'2024-02-27 21:24:28','2024-02-27 21:24:28'),(48,'Eos eum et dolorum a molestiae. A ipsam ipsa quae laborum iure consectetur aperiam. Minima velit corporis totam suscipit.','Sed libero fugit deleniti ipsa. Vero est mollitia autem aperiam iure assumenda.',8,6,NULL,'2024-02-27 21:24:28','2024-02-27 21:24:28'),(49,'Ea eos iste aut id. Quasi tempora voluptatibus molestias esse asperiores sit. Dolores delectus officia adipisci aperiam.','Recusandae quo assumenda placeat assumenda.',43,3,NULL,'2024-02-27 21:24:28','2024-02-27 21:24:28'),(50,'Et non pariatur provident totam debitis ut officiis. Perferendis non vel ut non libero magnam. Voluptatem est totam quia.','Aut aspernatur dicta aperiam sed.',24,4,NULL,'2024-02-27 21:24:28','2024-02-27 21:24:28'),(51,'Aperiam quos atque qui occaecati. Ad debitis et molestias quia voluptatem temporibus ad debitis. Tempora aspernatur aut aperiam.','Rerum quos quia doloribus doloremque provident aut quia.',9,1,NULL,'2024-02-27 21:24:28','2024-02-27 21:24:28'),(52,'Iure quisquam accusantium sit. Ea unde sapiente maxime quo sapiente consectetur beatae consequatur. Qui aut voluptatem expedita est adipisci.','Dolore aspernatur vero eum. Distinctio ea recusandae ducimus iusto quae necessitatibus vitae eos.',11,4,NULL,'2024-02-27 21:24:28','2024-02-27 21:24:28'),(53,'Sint voluptatem porro aliquam omnis velit laboriosam voluptas. Id laborum aliquam corporis reprehenderit architecto sunt omnis. Porro doloribus ducimus fuga et omnis odit quaerat.','Dignissimos occaecati sit explicabo hic molestiae aut. Doloremque veritatis veniam delectus.',4,6,NULL,'2024-02-27 21:24:28','2024-02-27 21:24:28'),(54,'Sint ea doloribus dolores voluptatem omnis maxime. Occaecati sed nihil autem modi dicta consequatur qui. Quisquam qui qui nihil repellendus laudantium.','Aspernatur optio pariatur sit non. Facilis aut blanditiis atque dolores.',47,5,NULL,'2024-02-27 21:24:28','2024-02-27 21:24:28'),(55,'Debitis accusantium qui blanditiis facilis vero nihil. Sit voluptate et sequi ducimus natus ut fugit est.','Voluptatum voluptas fugiat et voluptatem.',25,4,NULL,'2024-02-27 21:24:28','2024-02-27 21:24:28'),(56,'Quia voluptatem laborum quod dolorem et. Beatae inventore sit quo natus esse iure. Pariatur unde delectus distinctio. Nihil qui quis modi omnis debitis maiores.','Et adipisci cum quia iusto libero aliquam non cum.',4,4,NULL,'2024-02-27 21:24:28','2024-02-27 21:24:28'),(57,'Quam inventore velit eos id. Dolorum dicta ea veniam. Delectus similique quasi facere.','Ad reiciendis quia commodi ullam omnis eos numquam.',39,2,NULL,'2024-02-27 21:24:28','2024-02-27 21:24:28'),(58,'Non totam eos deserunt ut. Molestiae cupiditate sit perspiciatis ad itaque occaecati. Sunt dolores dolorem nesciunt esse aperiam quo expedita non.','Cum deleniti quidem consequatur culpa voluptate tenetur id nulla. Possimus et qui incidunt accusantium sed nihil.',47,2,NULL,'2024-02-27 21:24:28','2024-02-27 21:24:28'),(59,'Vitae rerum consequatur sint consequatur nisi quis quia est. Est dolorem aut doloribus reiciendis totam consequatur ipsam et.','Totam ullam ut ut.',5,1,NULL,'2024-02-27 21:24:28','2024-02-27 21:24:28'),(60,'Et quia aut non ut dolor occaecati ad. Et explicabo eos voluptatibus. Veniam deleniti qui commodi optio dolor aut. Omnis vitae incidunt tempora unde.','Neque rerum asperiores commodi ab placeat ipsa dolores. Consequuntur quae eius voluptatem saepe porro.',21,6,NULL,'2024-02-27 21:24:28','2024-02-27 21:24:28'),(61,'Vitae et voluptate ut totam. Rerum sint exercitationem enim est. Quas et dolore eius iste sit doloremque ipsam. Quaerat laboriosam vel animi et enim quisquam omnis.','Consequatur consectetur dolores voluptas quasi. Ea rerum doloribus molestiae nihil.',13,1,NULL,'2024-02-27 21:24:28','2024-02-27 21:24:28'),(62,'Voluptate aliquam voluptas cupiditate tempora odio tempora. Rerum voluptates consequuntur repudiandae eum itaque. Vel omnis ad occaecati repellat ullam similique facere.','Alias perspiciatis nam sint odio ducimus.',46,5,NULL,'2024-02-27 21:24:28','2024-02-27 21:24:28'),(63,'Ut nihil architecto qui dolor autem deleniti. Est consequatur officia recusandae veritatis facere sint. Iste nemo nulla eum maxime deleniti quae impedit.','Et aut soluta et dolor deleniti aperiam.',37,6,NULL,'2024-02-27 21:24:28','2024-02-27 21:24:28'),(64,'Placeat sint doloremque rem sed. Distinctio necessitatibus dolor repellat enim inventore. Assumenda placeat pariatur non recusandae.','Voluptatem sapiente aut eos quas voluptas. Provident sequi optio earum libero natus dignissimos assumenda.',2,3,NULL,'2024-02-27 21:24:28','2024-02-27 21:24:28'),(65,'Repellat sequi et soluta ipsum nisi vel. Doloremque voluptates et illo fugit ut porro. Ut qui ut et facere iusto vel. Ut consectetur qui fugit perspiciatis dicta sunt natus illum.','Aliquam voluptatem deleniti perspiciatis enim laborum.',31,4,NULL,'2024-02-27 21:24:28','2024-02-27 21:24:28'),(66,'Quis eaque est ad modi asperiores et rerum. Aliquid nostrum sed molestiae illum occaecati aspernatur. Ex quia sequi reiciendis consequatur id voluptatem.','Vel eaque laboriosam quas vitae. Dicta autem doloribus voluptatem vel magni aut excepturi consequatur.',18,3,NULL,'2024-02-27 21:24:28','2024-02-27 21:24:28'),(67,'Quo quos rem quod non pariatur cum voluptas. Iure molestiae qui numquam qui. Quod recusandae aut sed quia et quos amet iusto.','Culpa ut expedita et vitae vero doloribus. Assumenda eius repellendus quas est a totam voluptatem.',45,6,NULL,'2024-02-27 21:24:28','2024-02-27 21:24:28'),(68,'Odio perspiciatis eius nobis beatae debitis est quia. Perspiciatis cumque quos laborum perspiciatis. Maiores itaque ut ratione ea.','Qui cum sint expedita cum hic.',21,2,NULL,'2024-02-27 21:24:28','2024-02-27 21:24:28'),(69,'Est est est vitae amet officiis. Et blanditiis perferendis labore at dolor est architecto.','Voluptatem ut mollitia sit accusamus ut omnis iusto.',26,2,NULL,'2024-02-27 21:24:28','2024-02-27 21:24:28'),(70,'Reiciendis dolorem modi beatae odit placeat sit porro. Occaecati reprehenderit magnam ut et qui. Eos delectus voluptatem consequatur illum aut rerum.','Dolor at facilis iure ea velit saepe.',33,5,NULL,'2024-02-27 21:24:28','2024-02-27 21:24:28'),(71,'Natus beatae accusantium rerum nihil vel qui iure. Nihil quam quod consectetur et illum illo delectus. Quaerat odio neque provident vel minima.','Est a ducimus quam aliquid rerum. Ullam fuga libero id eos eos.',33,5,NULL,'2024-02-27 21:24:28','2024-02-27 21:24:28'),(72,'Quaerat ea et molestias rerum quibusdam rerum corrupti impedit. Perspiciatis ipsum dolorum dolores ut. Magnam in minima iste quos ab laboriosam eum maiores.','Sint et qui molestiae ipsa consequatur.',40,5,NULL,'2024-02-27 21:24:28','2024-02-27 21:24:28'),(73,'Expedita odio ut est ut eveniet. Enim recusandae quia consectetur quia molestias tenetur voluptas in. Non voluptatem earum dolor hic iure molestiae.','Ipsam earum alias architecto natus possimus amet vel.',43,2,NULL,'2024-02-27 21:24:28','2024-02-27 21:24:28'),(74,'Eligendi est non et. Totam voluptas sit vitae hic autem. Velit laboriosam consequuntur ipsa ea vel.','Quisquam praesentium voluptatem culpa cumque sapiente.',11,3,NULL,'2024-02-27 21:24:28','2024-02-27 21:24:28'),(75,'Nostrum dolorem enim magni rerum. Assumenda nostrum omnis facilis perferendis est repellendus. Sed enim odit voluptas rem qui.','Exercitationem vel voluptatem est occaecati quis. Quidem necessitatibus et distinctio sint molestias.',46,3,NULL,'2024-02-27 21:24:28','2024-02-27 21:24:28'),(76,'Autem qui dolorum et adipisci molestiae consequatur. Sint perferendis qui animi rerum natus aliquam ut voluptatibus.','A repellendus sunt earum aut. Nulla sequi quia et quis.',50,4,NULL,'2024-02-27 21:24:28','2024-02-27 21:24:28'),(77,'Sunt sunt molestias fugiat. Vel amet ut minus magni nihil. Aut quidem unde consequatur.','Quia ut quo voluptate delectus sed non.',3,5,NULL,'2024-02-27 21:24:28','2024-02-27 21:24:28'),(78,'Est provident nam error. Ut ut autem aliquid reiciendis voluptatum in quibusdam et. Libero modi eligendi rerum quae debitis.','Ut et ratione odio explicabo vero placeat voluptas.',36,3,NULL,'2024-02-27 21:24:28','2024-02-27 21:24:28'),(79,'Nam exercitationem libero veritatis. Eos harum et perferendis qui a et. Aut itaque numquam dolorum. Aut repellat consequuntur delectus.','Adipisci praesentium eaque rerum ab dolorem nobis.',49,1,NULL,'2024-02-27 21:24:28','2024-02-27 21:24:28'),(80,'Cupiditate et ut molestiae nihil aut quia repellendus. Maxime est quam odio.','Et soluta quas dolor quia dolorem nostrum. Aliquam aut consequuntur aut aut omnis odio.',42,3,NULL,'2024-02-27 21:24:28','2024-02-27 21:24:28'),(81,'Quis et aperiam tempore reprehenderit debitis sunt. Asperiores incidunt laborum et sit. Illo laudantium quibusdam deleniti neque aut voluptatem quod. Voluptas vero ut ut.','Libero id voluptas reprehenderit nihil.',26,1,NULL,'2024-02-27 21:24:28','2024-02-27 21:24:28'),(82,'Et illo hic beatae laborum qui. Et itaque neque molestiae itaque autem quos. Et et ut recusandae deserunt asperiores nostrum non. Quia odit cupiditate culpa minus est mollitia.','Repellat voluptatem debitis voluptas ab voluptate consectetur praesentium. Ipsum totam exercitationem dignissimos accusantium non officia ab.',32,4,NULL,'2024-02-27 21:24:28','2024-02-27 21:24:28'),(83,'Corporis mollitia assumenda et et aperiam inventore. Deleniti suscipit sit vero perspiciatis ut. Non animi dolor expedita dicta incidunt harum omnis.','Adipisci non quo officiis. Ab et consectetur libero blanditiis iste ab ut qui.',5,5,NULL,'2024-02-27 21:24:28','2024-02-27 21:24:28'),(84,'Quos voluptas assumenda omnis iure. Qui sunt eos doloremque excepturi. In ipsum sit sunt est tenetur consequatur non.','Minima optio omnis possimus voluptatibus sint. Quia nemo vel dolorem esse magni soluta quibusdam at.',37,1,NULL,'2024-02-27 21:24:28','2024-02-27 21:24:28'),(85,'Et est debitis eum nemo ad eligendi molestias. Qui dolor ut sit dolorum qui. Perspiciatis tenetur iure possimus excepturi nisi. Aut fuga enim minima qui quaerat voluptatem.','Doloribus quam quia minima ipsum sequi enim quia.',15,6,NULL,'2024-02-27 21:24:28','2024-02-27 21:24:28'),(86,'Iure voluptatem corporis dolor dicta odit. Tenetur et nihil alias officia quod quo. Est est iure incidunt omnis. Nulla ut et rerum voluptatem voluptates.','Non minus culpa veritatis labore est voluptatem repudiandae. Adipisci quas quidem similique nam expedita repudiandae.',14,6,NULL,'2024-02-27 21:24:28','2024-02-27 21:24:28'),(87,'Impedit quia veritatis sequi. Illo ut cum quaerat maiores sapiente et sed. Aliquam sapiente nobis quibusdam quo.','Accusantium ut consequatur qui ut autem. Aut odit beatae in rerum aliquid illum.',28,1,NULL,'2024-02-27 21:24:28','2024-02-27 21:24:28'),(88,'At aut enim dolorem qui cum. Blanditiis laudantium tempore iste harum. Aut delectus earum odit non reiciendis id enim vel.','Sit accusantium nisi eveniet iusto nostrum quas voluptatem officia. Et sunt qui dolorem reprehenderit.',41,2,NULL,'2024-02-27 21:24:28','2024-02-27 21:24:28'),(89,'Consequatur perspiciatis et laborum et ea. Sed porro officia voluptatem omnis ut. Aut quia temporibus aut voluptate nulla. Quae quaerat quas quos et iusto aut consequatur.','Accusamus possimus sunt est quis non dolorum modi. Et adipisci natus laudantium.',33,2,NULL,'2024-02-27 21:24:28','2024-02-27 21:24:28'),(90,'Eligendi rerum autem velit eaque soluta temporibus. Esse non unde corporis voluptas. Aut suscipit ut tempore sint. Dolorum natus ipsam sunt dolor.','Unde sunt debitis minus inventore blanditiis magnam ea.',9,5,NULL,'2024-02-27 21:24:28','2024-02-27 21:24:28'),(91,'Ea minus quia pariatur in maxime animi fugit. Enim quasi sapiente similique inventore error voluptas sit. Quo consequatur architecto voluptatem in saepe.','Vel necessitatibus perferendis deserunt.',18,3,NULL,'2024-02-27 21:24:28','2024-02-27 21:24:28'),(92,'In voluptas voluptatem dolor esse omnis autem. Nulla nisi saepe necessitatibus aperiam harum officia sequi deserunt. Esse voluptate excepturi odit labore.','Id exercitationem doloribus ab voluptates voluptatum.',17,2,NULL,'2024-02-27 21:24:28','2024-02-27 21:24:28'),(93,'Unde molestias ad autem commodi molestias. Ex nisi optio qui explicabo. Cumque suscipit molestiae vero similique.','Minima quos ducimus aut facilis in. Est omnis nostrum nemo commodi.',34,5,NULL,'2024-02-27 21:24:28','2024-02-27 21:24:28'),(94,'Atque et voluptas aperiam id est. Non est nisi reiciendis officiis qui id in. Autem pariatur unde expedita. Et veritatis natus qui ullam vero iste laudantium.','Sunt non nobis eum cumque expedita laboriosam.',15,6,NULL,'2024-02-27 21:24:28','2024-02-27 21:24:28'),(95,'Ea officiis consequatur impedit maiores. Et autem aliquid non ea ipsum placeat. Cum et beatae sed. Ut aut porro possimus magnam.','Provident incidunt odio illum. Minus amet corporis beatae eveniet.',17,4,NULL,'2024-02-27 21:24:28','2024-02-27 21:24:28'),(96,'Suscipit saepe quaerat rem. Dolores distinctio fuga minima cum. Voluptas omnis quasi sint quibusdam.','Exercitationem suscipit deleniti similique quia. Nemo ratione in qui enim sed.',20,6,NULL,'2024-02-27 21:24:28','2024-02-27 21:24:28'),(97,'Molestiae et ad id. Quia autem et voluptatum suscipit autem.','Tempora quia incidunt nihil iure.',40,4,NULL,'2024-02-27 21:24:28','2024-02-27 21:24:28'),(98,'Animi libero mollitia vitae asperiores dolor. Aut deserunt ut est eos labore. Et sit aperiam similique aliquid. Et maiores sunt est enim qui odit dolores est.','Aspernatur ea dolor ut id ipsa repudiandae.',21,5,NULL,'2024-02-27 21:24:28','2024-02-27 21:24:28'),(99,'Cupiditate aut beatae voluptatem voluptatem. Rerum vel et qui quia.','Tenetur cum minus omnis eos nulla.',12,6,NULL,'2024-02-27 21:24:28','2024-02-27 21:24:28'),(100,'Enim harum aut iure sed. Nobis recusandae iure commodi aut quaerat laborum aspernatur. Voluptas ea vero dolores est libero rerum.','Rerum itaque numquam velit ab eum amet totam fugit. Autem iusto dolorum aspernatur pariatur.',2,6,NULL,'2024-02-27 21:24:28','2024-02-27 21:24:28'),(101,'Nobis odit commodi dignissimos natus eaque fugiat deleniti. Velit doloribus nulla possimus sequi velit eveniet. Est rerum omnis eum perferendis. Unde quis aut porro ut.','Animi fugit dolores inventore sint nobis eum atque.',25,5,NULL,'2024-02-27 21:24:28','2024-02-27 21:24:28'),(102,'Provident quia esse magnam. Aut deleniti quidem magni magnam dolorem ut. Voluptas officiis velit eligendi adipisci ea explicabo. Iure eligendi eos alias.','Voluptatem vel corporis nisi atque amet dolor consequatur voluptates.',5,5,NULL,'2024-02-27 21:24:28','2024-02-27 21:24:28'),(103,'Illum ex expedita cumque. Sapiente voluptate mollitia illo aut. Qui occaecati ducimus incidunt ipsa voluptatum et odio.','Qui dolor est voluptatem architecto veritatis. Nobis exercitationem aut nesciunt eveniet in corrupti consequuntur officiis.',48,1,NULL,'2024-02-27 21:24:28','2024-02-27 21:24:28'),(104,'Quibusdam quis temporibus fugiat ratione quaerat asperiores. Nam optio enim beatae facere veritatis quidem. Exercitationem exercitationem consectetur odio debitis et.','Omnis neque ullam dolorem accusamus.',46,2,NULL,'2024-02-27 21:24:28','2024-02-27 21:24:28'),(105,'Labore voluptatibus a et inventore non asperiores laboriosam. Voluptatem et dolorem non et unde possimus. Aperiam et ex dolores. Temporibus doloremque doloremque in omnis id.','Dolorem et et id ut illum fuga.',47,5,NULL,'2024-02-27 21:24:28','2024-02-27 21:24:28'),(106,'Quae voluptatem cupiditate autem illum. Voluptas sed nobis quisquam omnis. Reprehenderit rerum accusamus quasi. Tempore neque repellat officiis et velit excepturi similique.','Culpa assumenda omnis maxime consectetur.',42,4,NULL,'2024-02-27 21:24:28','2024-02-27 21:24:28'),(107,'Ea aliquid cupiditate neque soluta. Laudantium rerum expedita sint eum. Sequi quaerat sunt voluptate voluptatem.','Reiciendis in in iure ut. Error eaque quod magnam aut iure adipisci esse.',30,4,NULL,'2024-02-27 21:24:28','2024-02-27 21:24:28'),(108,'Autem qui qui sed ut qui id. Provident et velit quia illum. Animi ullam blanditiis totam suscipit aliquid in. Voluptas qui sit minima doloremque quae.','Non sapiente laborum ducimus ut. Debitis architecto reprehenderit quae est aut omnis est.',41,6,NULL,'2024-02-27 21:24:28','2024-02-27 21:24:28'),(109,'Voluptates sit minus amet error. Dignissimos deserunt iusto error illo autem voluptas. Enim deserunt sed nihil qui commodi omnis aperiam.','Dicta et eius hic dolor placeat.',3,4,NULL,'2024-02-27 21:24:28','2024-02-27 21:24:28'),(110,'Inventore qui ducimus ipsa est qui. Harum eius itaque consequatur veniam. Corrupti voluptates soluta unde rerum amet minima.','Qui rerum quas iste aliquam omnis dignissimos qui. Sequi sit fuga voluptatem beatae doloremque molestias.',23,2,NULL,'2024-02-27 21:24:28','2024-02-27 21:24:28'),(111,'Quia autem enim eos. Omnis rem velit at minus voluptatem et. Atque qui tempore consequatur itaque consequuntur.','Dicta sunt voluptas quibusdam illum voluptatibus similique.',23,2,NULL,'2024-02-27 21:24:28','2024-02-27 21:24:28'),(112,'Ex cupiditate modi voluptate consequatur cupiditate velit autem aut. Dignissimos atque est porro corrupti. Reprehenderit id deleniti sint eveniet sed et ut pariatur.','Omnis vero aperiam enim consequatur eum voluptatem. Eveniet iste iste molestias et qui rerum.',35,1,NULL,'2024-02-27 21:24:28','2024-02-27 21:24:28'),(113,'Ipsa est autem aut voluptas itaque. Qui nulla in beatae qui. Id ipsam sed vel consequatur. Aliquam numquam ratione facilis consequuntur.','Alias voluptas est molestiae voluptatem nihil expedita qui.',21,6,NULL,'2024-02-27 21:24:28','2024-02-27 21:24:28'),(114,'Impedit nam amet quia sit inventore. Sunt ducimus ex ullam doloribus eum quos est. Temporibus aliquid id cupiditate ut aut.','Voluptas consequuntur eveniet enim atque. In suscipit esse dolorem aliquid.',13,6,NULL,'2024-02-27 21:24:28','2024-02-27 21:24:28'),(115,'Molestiae voluptas et sapiente nostrum dignissimos molestiae non. Qui non et et illum. Sequi qui aspernatur quia non ut sit. Cum debitis a consequatur placeat quia porro.','Veritatis non repellat beatae aut. Sequi aut earum ut corporis.',8,2,NULL,'2024-02-27 21:24:28','2024-02-27 21:24:28'),(116,'Sed tempore quae et quia rerum velit. Illum modi ipsam placeat veniam est. Sapiente sunt veritatis vitae.','Repellendus vero distinctio autem recusandae quibusdam numquam.',43,2,NULL,'2024-02-27 21:24:28','2024-02-27 21:24:28'),(117,'Quaerat officia rem vel quo sequi qui. Ut consequatur hic voluptatem aliquam iusto eveniet minus. Qui adipisci eos aut omnis et optio.','Dolores consectetur nihil rerum delectus unde. Saepe repudiandae qui enim aut cupiditate omnis rerum.',1,6,NULL,'2024-02-27 21:24:28','2024-02-27 21:24:28'),(118,'Nemo ut qui rem aut. Assumenda quo et non rem ipsam. Illo minima ea ea ea aut dolorem.','Molestiae error accusantium doloribus. Aperiam maiores tempora ullam est quo dolorum autem asperiores.',25,3,NULL,'2024-02-27 21:24:28','2024-02-27 21:24:28'),(119,'Eius ea eum sit voluptatem. Similique rerum dolorem quia. Cupiditate non cumque animi aliquam praesentium laborum in.','Qui ratione ut voluptatem quas. Qui quidem provident quia dolorem nihil.',37,4,NULL,'2024-02-27 21:24:28','2024-02-27 21:24:28'),(120,'Id tempore aliquam est. Inventore labore natus porro enim eos ut. Deserunt eius voluptatum et ad.','Quia corrupti odit culpa eligendi beatae consequatur minus in.',25,6,NULL,'2024-02-27 21:24:28','2024-02-27 21:24:28'),(121,'Tenetur voluptate ipsam quod saepe quisquam dolorum. Fuga cum est eveniet qui inventore accusamus accusantium. Porro sunt totam cum id vel ea tenetur rerum.','Quia ea vel modi voluptas.',36,5,NULL,'2024-02-27 21:24:28','2024-02-27 21:24:28'),(122,'Consequatur ab pariatur et nisi sunt aliquid. Unde et nulla modi. Iste asperiores facilis nam eos similique illum.','Possimus placeat provident qui voluptatem amet earum aperiam ullam. In illum quis sint deleniti.',32,4,NULL,'2024-02-27 21:24:28','2024-02-27 21:24:28'),(123,'Quidem et quibusdam atque qui enim praesentium sed. Qui delectus vero beatae ipsum consequatur molestiae ipsa. Porro atque aperiam eos debitis consectetur neque.','Molestiae culpa alias qui ipsum ea suscipit.',27,1,NULL,'2024-02-27 21:24:28','2024-02-27 21:24:28'),(124,'Modi omnis repellat vero repellat qui. Corporis pariatur saepe hic et cum porro. Voluptatem ea corporis iure est.','Rerum voluptatem inventore dolore vitae aut.',47,5,NULL,'2024-02-27 21:24:28','2024-02-27 21:24:28'),(125,'Id in est qui et vel. Voluptas error natus consequatur magnam. Aut tenetur debitis et pariatur. Voluptatem sed veritatis commodi tempora facere et. Rerum voluptas aut velit nemo.','Eum ullam qui quis sint reprehenderit similique aut aliquid. Repellat veniam voluptatum laudantium atque quisquam quasi.',30,1,NULL,'2024-02-27 21:24:28','2024-02-27 21:24:28'),(126,'Corporis tempore sit numquam error magni quod. Commodi quia aliquam natus atque aliquam. Voluptate aliquid magni eum odit.','Id vel eligendi non recusandae aut.',17,5,NULL,'2024-02-27 21:24:28','2024-02-27 21:24:28'),(127,'Qui officiis ea ducimus animi aut. Assumenda natus doloribus ea facilis. Tempora asperiores et est modi nam ut voluptas ipsa. Impedit adipisci id id aut assumenda.','Quas ut aperiam in et ut et. Repellat unde recusandae earum perferendis.',28,6,NULL,'2024-02-27 21:24:28','2024-02-27 21:24:28'),(128,'Voluptate hic eligendi dolores maxime provident ea aliquid. Architecto optio dolorem cupiditate nihil nostrum. Sed eos rem dolores hic sed. In est natus qui magni vitae officiis.','Iusto iusto qui quia itaque provident numquam.',48,5,NULL,'2024-02-27 21:24:28','2024-02-27 21:24:28'),(129,'Nesciunt assumenda corrupti laboriosam voluptas. Totam aut aut vel voluptas. Nemo qui voluptatem sit. Dicta in placeat aut.','Adipisci beatae et debitis voluptatem aliquid numquam. Enim rerum nisi voluptas.',10,5,NULL,'2024-02-27 21:24:28','2024-02-27 21:24:28'),(130,'Deserunt iure sed fuga veritatis iure. Eveniet explicabo magni aut. Dolores doloremque recusandae consequatur et sint ullam commodi voluptatibus. Soluta quis ut qui.','Eos sit omnis consequatur dicta id ad. Aperiam tempora fuga fugit maxime ullam.',49,4,NULL,'2024-02-27 21:24:28','2024-02-27 21:24:28'),(131,'Repudiandae aliquam molestiae reiciendis doloribus rerum ut qui. Totam ducimus sed debitis in sit nihil. Dolorem accusantium enim nobis quibusdam quae.','Voluptate vel ex itaque iure impedit. Sapiente saepe numquam quos voluptatem.',11,5,NULL,'2024-02-27 21:24:28','2024-02-27 21:24:28'),(132,'Animi nihil accusantium nulla. Excepturi labore voluptatum libero neque accusamus soluta debitis amet. Impedit animi sunt quasi repellendus.','Ab quo labore dolores ut doloribus ea. Non quod saepe quo ratione fugiat ut ipsum.',1,1,NULL,'2024-02-27 21:24:28','2024-02-27 21:24:28'),(133,'Quod voluptas incidunt dolorem asperiores. Nesciunt quo tempora voluptate dicta dolores dolores. Atque tempora sed earum velit natus id.','Nam sed sequi quos sit expedita vel deleniti. Quibusdam non soluta harum.',16,6,NULL,'2024-02-27 21:24:28','2024-02-27 21:24:28'),(134,'Officiis cupiditate ex odio et aut. Est non qui est. Beatae dolorem culpa deleniti dolorem. Aut aperiam necessitatibus illo est vero magnam.','Aperiam neque veniam ab voluptatem alias. Dolores enim aspernatur iure voluptas rerum est.',36,4,NULL,'2024-02-27 21:24:28','2024-02-27 21:24:28'),(135,'Consequuntur ex nesciunt laborum quo est. Corrupti nihil accusantium tempora dolorem. Voluptatem aut dolorem necessitatibus labore id exercitationem quas.','Possimus numquam est veniam consequatur qui repellendus omnis atque. Minus accusantium et sint delectus maiores sed.',14,3,NULL,'2024-02-27 21:24:28','2024-02-27 21:24:28'),(136,'Laborum sunt ut id eos molestiae. Ut voluptates nemo neque accusantium. Harum explicabo ratione autem. Porro id officiis tempora exercitationem. Cupiditate eos aut eos.','Voluptas voluptate saepe eveniet at doloribus repudiandae neque. Vero sit ea distinctio dolor provident vel.',14,3,NULL,'2024-02-27 21:24:28','2024-02-27 21:24:28'),(137,'At et minus dolores et quo ea. Impedit nulla et facere voluptatem. Veritatis aut veritatis dolor voluptas enim iste qui.','Est cupiditate quos veritatis veritatis laboriosam.',14,1,NULL,'2024-02-27 21:24:28','2024-02-27 21:24:28'),(138,'Est ut facilis ut ut nihil. Est voluptatum accusamus necessitatibus aut aut laudantium commodi. Accusamus expedita repellendus omnis earum dolor et. Cumque qui et hic hic.','Laudantium deleniti natus sit dolor omnis ex. Provident veritatis a quo ipsum eos amet illo.',31,2,NULL,'2024-02-27 21:24:28','2024-02-27 21:24:28'),(139,'Aliquam eum facere eos. Ut delectus est tempora. Nihil sint similique autem sunt eos ratione magni.','Non omnis voluptatum magnam voluptas non. Maxime assumenda repudiandae non veniam.',34,4,NULL,'2024-02-27 21:24:28','2024-02-27 21:24:28'),(140,'Fuga et ipsum voluptas et. Autem accusamus fugit ea et. Libero et quidem tempore commodi rerum et quis vero. Voluptas aliquid quia deleniti quia ut recusandae aut.','Non tempora voluptate et dolores consectetur animi sunt autem. Et ut ducimus ullam sed sit et hic rerum.',34,3,NULL,'2024-02-27 21:24:28','2024-02-27 21:24:28'),(141,'Reprehenderit est sapiente facilis reprehenderit minima consectetur quia recusandae. Voluptates voluptatem quam esse placeat.','Eos sed laboriosam eum soluta illo nam. Ipsa vero iste aperiam ut.',39,3,NULL,'2024-02-27 21:24:28','2024-02-27 21:24:28'),(142,'Itaque et et et repudiandae veritatis molestiae. Aliquam veritatis libero nihil culpa est itaque vitae.','Dolorem mollitia itaque laudantium excepturi at cupiditate.',26,5,NULL,'2024-02-27 21:24:28','2024-02-27 21:24:28'),(143,'Quo ex velit ea. Eaque accusantium aliquam quod autem aliquid facere. Voluptatem rerum nisi perspiciatis nam.','Aliquam eaque rem et quis. Nisi consectetur reiciendis itaque autem ea.',29,2,NULL,'2024-02-27 21:24:28','2024-02-27 21:24:28'),(144,'Consequuntur in et consequuntur laudantium excepturi. Quam eligendi qui cum veritatis ut eum nihil.','Aut qui tenetur eum quam voluptas. Dolorem ullam corrupti ut adipisci.',1,1,NULL,'2024-02-27 21:24:28','2024-02-27 21:24:28'),(145,'Aliquam dolores aliquid dolores aspernatur omnis. Et cum rerum et. Ad tempore deleniti quia rem. Est qui vero aspernatur sint.','Ratione totam aperiam odit sed perspiciatis.',17,4,NULL,'2024-02-27 21:24:28','2024-02-27 21:24:28'),(146,'Qui quod qui ut id. Qui quo excepturi cupiditate. Eum deleniti rerum praesentium voluptatem. Incidunt doloremque eos dignissimos ut. Non aut libero labore incidunt est.','Delectus magni aut laborum similique eligendi sunt cum. Neque incidunt labore est dolores dolores.',41,2,NULL,'2024-02-27 21:24:28','2024-02-27 21:24:28'),(147,'Quae corrupti earum alias quod. Recusandae molestias assumenda distinctio ullam est adipisci est. Excepturi beatae nihil veritatis et dolor.','Pariatur sit soluta delectus asperiores.',28,2,NULL,'2024-02-27 21:24:28','2024-02-27 21:24:28'),(148,'Voluptatum aut aut est. Officiis eum rem error ab sit. Repellat quia ab et illum quis expedita. Eius corrupti animi laboriosam.','Doloremque inventore rerum impedit necessitatibus repellendus quo.',24,1,NULL,'2024-02-27 21:24:28','2024-02-27 21:24:28'),(149,'Enim possimus ullam molestiae enim id nihil. Nihil laudantium saepe rerum sapiente. Consequatur molestiae beatae eos suscipit. Vero qui nam excepturi nobis ex qui aliquam.','Voluptatum sunt et itaque exercitationem molestias est provident veniam.',37,3,NULL,'2024-02-27 21:24:28','2024-02-27 21:24:28'),(150,'Fugit ea qui ut impedit. Harum sapiente culpa quas. Nesciunt sint eum nemo atque qui. Modi nemo aut saepe et nisi modi.','Quia et sit voluptatem sit ut. Ipsum excepturi maxime qui vitae quaerat.',14,4,NULL,'2024-02-27 21:24:28','2024-02-27 21:24:28'),(151,'Nobis dolorem cupiditate explicabo. Et praesentium doloremque aut explicabo tenetur. Quo sapiente consequatur adipisci maxime. Ut aut quod eveniet aut.','Aut accusantium dolores tempora quia distinctio incidunt quia. Et expedita voluptatem quasi distinctio rerum perferendis accusantium.',41,3,NULL,'2024-02-27 21:24:28','2024-02-27 21:24:28'),(152,'In vel blanditiis debitis. Perferendis similique fugiat eaque est at. Aperiam labore veritatis suscipit commodi enim.','Ratione odio earum ullam.',9,2,NULL,'2024-02-27 21:24:28','2024-02-27 21:24:28'),(153,'Voluptatem dolor temporibus atque. Sit voluptas facere tenetur eius iure sit. Aliquid laborum laboriosam nam sint. Accusamus iusto distinctio earum in aut id.','Eaque blanditiis consequatur consequatur sint ullam.',22,6,NULL,'2024-02-27 21:24:28','2024-02-27 21:24:28'),(154,'Omnis suscipit excepturi quia. Eum esse rerum quia autem dolorem dolores. Odio facere et laboriosam maiores. Quis cumque harum error delectus.','Voluptatum ab expedita aliquam ullam deleniti occaecati et. Perferendis aut nulla harum quam rem cupiditate dolor.',3,4,NULL,'2024-02-27 21:24:28','2024-02-27 21:24:28'),(155,'Ullam reiciendis voluptate illum quas est possimus pariatur ea. Aliquid quo qui nihil tempore modi autem perferendis.','Assumenda molestias nisi natus debitis eveniet possimus consequatur. Aut nobis ad et repellat ex.',34,2,NULL,'2024-02-27 21:24:28','2024-02-27 21:24:28'),(156,'Repellendus qui esse ut temporibus ab. Omnis qui placeat iure. Sed dolor ut officiis corrupti eligendi.','Eos quo placeat et vero aut explicabo consectetur aut. Aperiam recusandae provident eius id.',5,5,NULL,'2024-02-27 21:24:28','2024-02-27 21:24:28'),(157,'Quod animi quidem dolore distinctio nisi. Rerum ullam aliquam molestiae sint voluptatem qui dolores.','Minus aliquam aut soluta nobis.',48,6,NULL,'2024-02-27 21:24:28','2024-02-27 21:24:28'),(158,'Repudiandae et itaque voluptatem vero. Et nulla animi alias quidem expedita. Est nostrum dolorem alias tempore dolorem. Alias labore rerum ut autem accusamus.','Neque ut repellendus repudiandae. Eveniet dolorem et et.',28,6,NULL,'2024-02-27 21:24:28','2024-02-27 21:24:28'),(159,'Laborum nulla expedita et ab cum ut. Molestiae est quia tenetur eos eligendi est. Eos eum officiis iusto fugiat.','Nihil non quaerat quis atque accusantium est. Beatae tenetur molestiae nemo fugiat.',40,2,NULL,'2024-02-27 21:24:28','2024-02-27 21:24:28'),(160,'Et voluptatem porro deleniti nam. Et ipsam ut qui voluptatem quod iste ducimus voluptatum. Et sit consequatur atque suscipit.','Animi delectus cum quia quas. Perspiciatis iste blanditiis eveniet unde.',32,6,NULL,'2024-02-27 21:24:28','2024-02-27 21:24:28'),(161,'Porro esse autem neque. Optio et deserunt molestiae. Et voluptate libero modi vero aliquam odit. Doloremque doloremque doloremque sit modi sit non.','Esse ut sit dolores excepturi aliquam doloribus iste.',1,2,NULL,'2024-02-27 21:24:28','2024-02-27 21:24:28'),(162,'Sint aliquid cum nesciunt provident aut unde ea. Aliquam rerum repudiandae nemo et neque blanditiis. Ratione eum in aut quis ut aut veniam.','Deleniti ipsa architecto deleniti dolor et. Sed sed corrupti eos sed et qui vel.',6,4,NULL,'2024-02-27 21:24:28','2024-02-27 21:24:28'),(163,'Qui eos consequatur beatae unde ipsa non ratione. Quis reprehenderit aliquid cumque sed eum perspiciatis in.','Ut reiciendis ipsum atque. Eveniet nesciunt ipsa modi in voluptatem.',1,2,NULL,'2024-02-27 21:24:28','2024-02-27 21:24:28'),(164,'Et esse praesentium quia quas ea. Qui enim aut ipsam laborum sapiente omnis. Nihil suscipit voluptas aut dignissimos.','Quis illum nemo fuga. Velit quae consequatur unde voluptatem asperiores ad eos similique.',23,5,NULL,'2024-02-27 21:24:28','2024-02-27 21:24:28'),(165,'Commodi et cum ea quia. Magnam ad ex ipsam aut sed fuga.','Dolorem earum ut eius velit error non aspernatur. Et amet omnis est quos consequuntur eius.',26,6,NULL,'2024-02-27 21:24:28','2024-02-27 21:24:28'),(166,'Ipsa placeat enim deleniti facilis. Rerum autem beatae optio. Non eos quas voluptatem quis perferendis. Maxime nulla fugit quod sapiente.','Voluptatem voluptatem veritatis fugit veniam harum. Assumenda ut sit totam facere molestiae mollitia.',27,6,NULL,'2024-02-27 21:24:28','2024-02-27 21:24:28'),(167,'Velit et aut sequi ut aut sed. Facere autem sunt est reiciendis. Ipsum quibusdam eaque nihil voluptas quia. Sed ab consequuntur error.','Impedit facilis culpa maiores non. Illo dolorem nobis aut est quaerat sed voluptatem.',34,4,NULL,'2024-02-27 21:24:28','2024-02-27 21:24:28'),(168,'Ut est sit in facilis dignissimos magnam minus. Iste voluptas natus at doloremque. Rerum aperiam voluptatem tempora aut.','Quaerat molestiae et qui. Similique ut provident exercitationem et sunt enim impedit.',43,6,NULL,'2024-02-27 21:24:28','2024-02-27 21:24:28'),(169,'Ducimus est enim dignissimos nam ut doloremque sunt. Minus et ut voluptates maxime quos ea minus. Numquam quia nihil repellendus animi.','Labore labore consectetur qui odit sed.',1,1,NULL,'2024-02-27 21:24:28','2024-02-27 21:24:28'),(170,'Quia quod non perferendis aut natus. Nostrum corporis illum quia molestiae eos placeat quaerat. Nam quia quos sunt voluptates in porro.','Sunt et odio numquam omnis voluptatum error.',30,5,NULL,'2024-02-27 21:24:28','2024-02-27 21:24:28'),(171,'Non omnis amet quibusdam odit. Aut voluptate molestiae omnis ipsum. Unde animi fugit ratione et minus autem quaerat debitis. Qui delectus molestiae sit beatae fugit quis.','Eum dolorum labore quia consequatur et. Dolores natus et consequatur exercitationem et ullam voluptatem.',16,2,NULL,'2024-02-27 21:24:28','2024-02-27 21:24:28'),(172,'Quis officia alias ipsam et. Qui dolores nobis quo. Et sequi necessitatibus placeat provident quia. Sed ut nisi enim esse quasi quidem molestias.','Sequi assumenda alias reprehenderit nihil magni aperiam. Recusandae sunt eos reiciendis laboriosam sunt sint quia.',22,3,NULL,'2024-02-27 21:24:28','2024-02-27 21:24:28'),(173,'Velit ea qui numquam blanditiis. Maiores rem laboriosam nulla est doloribus porro. Animi non perspiciatis consectetur ab quia quaerat minus.','Doloribus mollitia veritatis ab aperiam est. Occaecati officiis harum praesentium est.',4,5,NULL,'2024-02-27 21:24:28','2024-02-27 21:24:28'),(174,'Dolorum sint doloremque esse consequatur. Aut voluptatem maxime reiciendis molestias ad. Ex unde vel ea. Quis est explicabo hic provident officia placeat repellat.','Error qui minus sunt quo quia dolores eum et. Minima incidunt commodi aut non excepturi.',7,6,NULL,'2024-02-27 21:24:28','2024-02-27 21:24:28'),(175,'Aut ad necessitatibus deleniti et ex enim et qui. Hic maiores qui iusto voluptatem ipsum ipsam. Praesentium quia aliquid eius omnis earum perspiciatis perferendis.','Adipisci harum minus sint fuga.',5,6,NULL,'2024-02-27 21:24:28','2024-02-27 21:24:28'),(176,'Dicta porro laborum tenetur minima. Cumque earum iure maiores animi sint accusantium. Nemo in voluptates ut. Non id sed et recusandae.','Sed et accusamus natus architecto quia esse est. Dicta repellat a eligendi ut dolorem dicta.',27,6,NULL,'2024-02-27 21:24:28','2024-02-27 21:24:28'),(177,'Aut cumque a id non inventore. Possimus fugit iusto eos est ut fuga. Est vero in veniam at non est.','Quasi molestias sint sed tempora.',21,6,NULL,'2024-02-27 21:24:28','2024-02-27 21:24:28'),(178,'Ut minima aut fugiat neque laborum rerum. Quia est nulla placeat quaerat et. Quia et qui ad voluptas natus dolores qui. Veniam magnam molestiae vero quae aut eos.','Et quaerat cum officia assumenda delectus soluta similique. Ipsam incidunt eaque illum sed.',33,2,NULL,'2024-02-27 21:24:28','2024-02-27 21:24:28'),(179,'Dolores consequuntur quod sequi cum repellat voluptatibus qui eaque. Ut natus ea cupiditate ea.','Nemo facilis eius voluptatibus cum illo asperiores quisquam.',37,3,NULL,'2024-02-27 21:24:28','2024-02-27 21:24:28'),(180,'Et dolor quibusdam nostrum quis odit quia. Quia provident velit molestiae aliquam blanditiis.','Et occaecati nemo eius eaque sed tempora alias enim.',18,3,NULL,'2024-02-27 21:24:28','2024-02-27 21:24:28'),(181,'Quia cum iure quae consequuntur aspernatur odio. Sit in voluptatibus omnis aperiam alias quia sit. Et et rerum adipisci enim.','Ut eos eveniet sit aut. Et hic nihil veniam dolores velit consequuntur nihil et.',42,3,NULL,'2024-02-27 21:24:28','2024-02-27 21:24:28'),(182,'Iste dicta cum in aliquam et distinctio. Doloremque aperiam voluptatum modi tempora sed. Non provident sed reprehenderit et repellendus sit nobis.','Excepturi quasi non accusantium blanditiis tempora ut esse quam.',25,2,NULL,'2024-02-27 21:24:28','2024-02-27 21:24:28'),(183,'Blanditiis aut non natus labore nobis voluptatem animi. Repellendus velit occaecati laudantium veniam. Fuga sit beatae numquam possimus magnam quod.','Natus minima pariatur totam quod iure totam nobis tempora. Aut tenetur delectus aliquid.',40,6,NULL,'2024-02-27 21:24:28','2024-02-27 21:24:28'),(184,'Natus ipsa nemo dolor. Voluptatem sunt eum sequi dicta laborum dignissimos architecto. Illo vitae hic enim praesentium ut occaecati. Iure error dolor neque sint omnis.','Non ipsa est reprehenderit iste distinctio voluptatem odio eos. Vero iste ab adipisci excepturi aspernatur mollitia maxime non.',32,2,NULL,'2024-02-27 21:24:28','2024-02-27 21:24:28'),(185,'Eveniet enim ex rerum dolorum ducimus id aut fugiat. Qui nihil iusto omnis non explicabo. Est porro qui dolores sed.','Maxime eaque amet minima voluptatem in doloribus nulla et. Sequi nihil delectus perferendis laudantium quas esse.',28,4,NULL,'2024-02-27 21:24:28','2024-02-27 21:24:28'),(186,'Consequatur et velit exercitationem eveniet. Est expedita similique aut.','Sapiente quia reprehenderit in nobis porro consequuntur ut. Accusantium pariatur voluptas quia ex.',38,5,NULL,'2024-02-27 21:24:28','2024-02-27 21:24:28'),(187,'Velit et hic dicta et voluptas illum. Aut corrupti voluptate hic ut qui consequatur eum. Aliquid inventore debitis natus et reprehenderit cupiditate.','Autem voluptas qui iste laudantium molestiae.',31,2,NULL,'2024-02-27 21:24:28','2024-02-27 21:24:28'),(188,'Necessitatibus dolorem quod tenetur distinctio beatae ratione autem. Veritatis beatae aspernatur necessitatibus eum voluptates occaecati facere.','Molestias minus sequi numquam dolorum sed nisi sint. Totam incidunt et quia qui iste provident similique.',28,3,NULL,'2024-02-27 21:24:28','2024-02-27 21:24:28'),(189,'Illum sapiente ut quia ut. Deserunt est voluptatibus fugit delectus sint quo cumque voluptatem. Illum quam molestiae dolorem impedit tenetur numquam cum ipsam.','Animi libero ab provident id quo.',26,5,NULL,'2024-02-27 21:24:28','2024-02-27 21:24:28'),(190,'Qui placeat dignissimos animi quam soluta molestiae nihil. Nulla debitis libero commodi velit nam. Veniam quisquam deleniti voluptatem. Aut sequi ut vel qui.','Omnis ullam commodi in eum suscipit repellendus aut ea. Nam cumque saepe eaque tempora.',1,2,NULL,'2024-02-27 21:24:28','2024-02-27 21:24:28'),(191,'Eum aut vitae quia minima sed non sed ducimus. Velit iusto quis aspernatur. Excepturi ullam ipsam debitis qui. Qui mollitia nostrum ut laboriosam officia nihil magni.','Et rerum sit harum modi rem sint sunt.',20,6,NULL,'2024-02-27 21:24:28','2024-02-27 21:24:28'),(192,'Aut et consectetur voluptates illum quis. Reprehenderit totam quae explicabo. Earum voluptates molestiae et.','Eaque quam qui dolorem eveniet voluptas in voluptatibus qui.',33,2,NULL,'2024-02-27 21:24:28','2024-02-27 21:24:28'),(193,'Eum deserunt beatae eligendi nostrum totam rerum. Eveniet libero aut consequuntur quo hic dolore saepe. Quae adipisci eos magnam eum error.','Enim iure voluptas soluta est.',32,3,NULL,'2024-02-27 21:24:28','2024-02-27 21:24:28'),(194,'Ut quia magnam et eveniet est autem cum natus. Rem ea saepe blanditiis voluptatibus illum. Voluptas sunt at molestias amet aperiam eius.','Non voluptas quasi et libero.',42,4,NULL,'2024-02-27 21:24:28','2024-02-27 21:24:28'),(195,'Voluptates quas laborum ea a. Natus non illo voluptatem qui. Maxime earum modi ex ut. Rem ut deserunt fugit ut sit assumenda voluptatem. Qui veniam et tempore velit.','Repellendus omnis fuga excepturi vero.',42,5,NULL,'2024-02-27 21:24:28','2024-02-27 21:24:28'),(196,'Delectus sit consequuntur exercitationem animi excepturi reiciendis. Ut dolorem deleniti quam veritatis.','Laudantium inventore atque velit sint.',27,6,NULL,'2024-02-27 21:24:28','2024-02-27 21:24:28'),(197,'Perspiciatis officia velit ut consectetur ullam ipsa quod. Cum doloribus aliquid qui occaecati ut ex nostrum. Molestias tempora voluptas ipsa atque voluptatem.','Voluptatem porro sed aut aliquam vitae consequuntur error. Saepe cumque ut ut dolor sit minima veniam.',7,1,NULL,'2024-02-27 21:24:28','2024-02-27 21:24:28'),(198,'Et blanditiis repudiandae qui eum. Quod reprehenderit aut ratione velit nostrum eveniet ut. Aliquam quis quasi fuga quod beatae accusantium. Dolor aut sit molestiae ut.','Iure occaecati quo vel dolor aut.',40,5,NULL,'2024-02-27 21:24:28','2024-02-27 21:24:28'),(199,'Aperiam aliquid voluptatem eveniet dolor eveniet facere. Molestias et eum nihil quis voluptatem dolorem dolorum. Illum tenetur similique voluptatibus at.','Tempore modi nam dolorem voluptas culpa sed. Vero rem officiis sed tempore.',3,3,NULL,'2024-02-27 21:24:28','2024-02-27 21:24:28'),(200,'Dolores quia beatae eligendi ab est. Aut qui nobis sed et deserunt. Exercitationem accusamus iusto optio aut natus consequatur. Sit et veniam rem molestias qui aut dolores est.','Consequatur doloribus deserunt sunt eligendi voluptatem laborum voluptas culpa. Ut ullam maiores dolor.',41,6,NULL,'2024-02-27 21:24:28','2024-02-27 21:24:28'),(201,'Error sed vitae et vel. Qui dolor ullam doloribus perspiciatis. Quasi impedit laboriosam soluta quia.','Alias esse quibusdam distinctio sed qui fuga quaerat. Iste consequuntur cumque optio ratione sunt repellendus sed.',18,5,NULL,'2024-02-27 21:24:28','2024-02-27 21:24:28'),(202,'Ut omnis temporibus ut consectetur. Ea et non tenetur aut. Laboriosam blanditiis odio mollitia excepturi ut aut aut illum. Quam neque ratione odit.','Harum nobis laudantium enim adipisci cumque dolores molestiae. Alias odio enim provident consequatur et sunt voluptas deserunt.',21,5,NULL,'2024-02-27 21:24:28','2024-02-27 21:24:28'),(203,'Necessitatibus architecto sint vero eos quibusdam. Officiis saepe et veniam aut. Alias molestiae et at quisquam deserunt optio quis.','Commodi dolor ut facere ut eum voluptatem.',47,1,NULL,'2024-02-27 21:24:28','2024-02-27 21:24:28'),(204,'Recusandae architecto dicta cupiditate animi voluptatem sit qui. Voluptas numquam sunt aut asperiores architecto vel necessitatibus. Et et quas est saepe voluptatem eveniet nisi.','Mollitia et culpa corrupti veritatis neque maiores debitis.',39,1,NULL,'2024-02-27 21:24:28','2024-02-27 21:24:28'),(205,'Eligendi sit cupiditate voluptatibus suscipit voluptatibus. Ut et beatae aut.','Officiis quas et est omnis molestias ab rerum.',42,6,NULL,'2024-02-27 21:24:28','2024-02-27 21:24:28'),(206,'Qui molestiae eos commodi porro. Ut architecto distinctio eos enim nulla. Suscipit aut dolorum expedita et necessitatibus deserunt.','Qui at sunt ea culpa et molestias.',10,6,NULL,'2024-02-27 21:24:28','2024-02-27 21:24:28'),(207,'Repellendus voluptate aut ducimus. Accusantium praesentium cupiditate sit est expedita odio numquam magnam. Perspiciatis voluptatem harum reprehenderit. Quia qui suscipit vero.','Ullam ullam voluptatem eum praesentium voluptas. Modi iure odio dolor et ut expedita quia.',40,3,NULL,'2024-02-27 21:24:28','2024-02-27 21:24:28'),(208,'Quisquam vel similique ullam. Quo enim corrupti illo recusandae rerum. Aut molestiae facere maxime sit similique est.','Facilis perferendis odio quasi et culpa delectus. Blanditiis qui non fugiat.',14,1,NULL,'2024-02-27 21:24:28','2024-02-27 21:24:28'),(209,'Sit suscipit aut dolor cum sint. Impedit ut inventore aliquid iste incidunt atque reiciendis. Reprehenderit impedit nulla aut animi placeat. Quis rerum enim aut eos sapiente quia.','Dolorum doloribus cumque rerum. Cum a aut ut nihil rerum ab.',10,4,NULL,'2024-02-27 21:24:28','2024-02-27 21:24:28'),(210,'Quo dolor eum aliquam et. Enim occaecati qui est a maiores architecto ut. Cum nostrum magni similique culpa.','Facere quam distinctio nihil nesciunt ut tenetur sunt rem.',7,5,NULL,'2024-02-27 21:24:28','2024-02-27 21:24:28'),(211,'Iusto impedit provident minima repellat. Optio impedit ea aliquid quo et quas. Quidem et placeat id placeat laborum ut enim.','In delectus quod reiciendis repudiandae perspiciatis beatae vel.',25,4,NULL,'2024-02-27 21:24:28','2024-02-27 21:24:28'),(212,'Laborum voluptas est sed eius fuga. Laborum asperiores eius alias est aliquam nihil. Ipsam sit neque sit at perspiciatis minus.','Quaerat debitis inventore sed assumenda beatae.',15,6,NULL,'2024-02-27 21:24:28','2024-02-27 21:24:28'),(213,'Quod rerum dicta et temporibus molestiae ut. Dolorem in quia aliquid et dolore.','Ut nulla sint blanditiis corporis.',32,1,NULL,'2024-02-27 21:24:28','2024-02-27 21:24:28'),(214,'Harum ex ipsam voluptatibus occaecati eos. Vero et doloremque fuga exercitationem temporibus sint voluptate.','Tempore dolores rerum sit occaecati voluptas.',22,1,NULL,'2024-02-27 21:24:28','2024-02-27 21:24:28'),(215,'Praesentium repellendus occaecati beatae ex. Tempora culpa sequi ut vel et.','Et ex incidunt deleniti enim eos dolores. Autem dolorem eligendi voluptatem iste repudiandae velit.',7,3,NULL,'2024-02-27 21:24:28','2024-02-27 21:24:28'),(216,'Quia qui dolores voluptatem ipsa animi libero consequatur. Facilis temporibus omnis nihil eligendi. Doloribus nesciunt est mollitia maiores qui.','Distinctio et commodi ex porro et qui. Facilis quia autem aut et saepe sit eos.',42,5,NULL,'2024-02-27 21:24:28','2024-02-27 21:24:28'),(217,'Dolorem saepe id autem autem. Quas non sequi voluptates provident hic sunt esse. Doloremque tenetur quibusdam temporibus dolores et voluptatum fuga.','Praesentium nam et exercitationem aut neque quis. Dolor eveniet itaque similique eveniet.',30,2,NULL,'2024-02-27 21:24:28','2024-02-27 21:24:28'),(218,'In ratione et nemo ut omnis. Est repellendus nihil quisquam exercitationem. Esse nobis et pariatur. Ut minus vel omnis voluptatem et nisi velit.','Et vero corporis est culpa quia hic. Eum adipisci non illum et officiis ut sed.',39,3,NULL,'2024-02-27 21:24:28','2024-02-27 21:24:28'),(219,'Repellat inventore dolores temporibus eum eos aut architecto. Quod animi aut facere quia rerum facilis. Consequatur incidunt qui qui.','In molestiae enim dolorum repudiandae voluptatem ea optio iusto. Rerum nesciunt molestias odio assumenda excepturi.',9,3,NULL,'2024-02-27 21:24:28','2024-02-27 21:24:28'),(220,'Omnis at rem ut eos quam. Ut voluptas sed ipsum rem ex eveniet quis.','Accusamus cumque libero nihil eius.',23,4,NULL,'2024-02-27 21:24:28','2024-02-27 21:24:28'),(221,'Qui omnis dolorum pariatur nulla dolorem est. Hic accusamus nihil in dolorem sit officia saepe. Eius optio laborum veritatis velit qui.','Sit et eligendi sed sed qui. Accusamus amet nihil optio ducimus et.',20,1,NULL,'2024-02-27 21:24:28','2024-02-27 21:24:28'),(222,'Architecto voluptas iste odio dignissimos explicabo iure. Soluta accusantium ut sit consequatur est dicta. Excepturi et ut doloribus in ea magni corporis.','Dolorem excepturi ut numquam occaecati quo esse quae non.',48,6,NULL,'2024-02-27 21:24:28','2024-02-27 21:24:28'),(223,'Et magni temporibus minima fugit et est exercitationem ut. Tenetur esse mollitia minima voluptatibus. Blanditiis provident id eaque nisi ducimus adipisci ab.','Est nesciunt nisi perferendis ratione eveniet. Quasi incidunt in quis.',7,6,NULL,'2024-02-27 21:24:28','2024-02-27 21:24:28'),(224,'Quis necessitatibus suscipit a aperiam. Iste sit id ipsum doloremque. Minus in dolor voluptas sapiente.','Commodi laboriosam omnis doloribus nihil est quas.',17,4,NULL,'2024-02-27 21:24:28','2024-02-27 21:24:28'),(225,'Veritatis accusamus doloremque sint reiciendis. Ipsa eius possimus amet consequatur expedita dolore sunt. Deleniti non adipisci et vel quam.','Sit ut placeat soluta magni veritatis facere.',7,2,NULL,'2024-02-27 21:24:28','2024-02-27 21:24:28'),(226,'Et fugiat facilis error fugit non hic. Ea eveniet molestiae ut natus dolorum. Cupiditate sequi quasi laborum error minima consequatur.','Et provident id omnis quae.',34,5,NULL,'2024-02-27 21:24:28','2024-02-27 21:24:28'),(227,'Architecto quis unde officiis non minima aliquid. Sit expedita est dignissimos nostrum dolores. Fugiat ut error rerum iure nostrum occaecati hic.','Est nulla vitae et assumenda voluptate cum veniam.',22,3,NULL,'2024-02-27 21:24:28','2024-02-27 21:24:28'),(228,'Quo laboriosam et et et. Sequi hic inventore sit doloribus.','Consequatur ut praesentium reiciendis et nemo laboriosam dolores. Nesciunt similique illo repellat dolorum perspiciatis repellendus veritatis.',13,6,NULL,'2024-02-27 21:24:28','2024-02-27 21:24:28'),(229,'Dolores exercitationem iste nisi doloribus delectus quia sed. Consequatur nobis amet iure rem dolorem eaque minus officiis. Delectus at id voluptate iure eligendi inventore.','Quibusdam asperiores provident sint temporibus quidem aut culpa. In debitis odio dolores optio ipsa sed.',35,6,NULL,'2024-02-27 21:24:28','2024-02-27 21:24:28'),(230,'Mollitia animi labore tempora. Voluptas accusantium quia modi sint aut. Ex ipsum vel vitae commodi omnis et inventore.','Voluptatem eos nesciunt eos architecto blanditiis repudiandae. Omnis consectetur sapiente rerum cupiditate deserunt dolorem voluptatem aut.',1,5,NULL,'2024-02-27 21:24:28','2024-02-27 21:24:28'),(231,'Non in libero quasi id ullam excepturi repellendus provident. Consequuntur quidem fuga quod aliquid. Qui reprehenderit sed qui dolorem.','Id et est enim sed et.',22,3,NULL,'2024-02-27 21:24:28','2024-02-27 21:24:28'),(232,'At aut est tenetur odit architecto. Aut rerum et sit officia. Qui saepe quibusdam adipisci dolores nemo cum. Quae magnam labore minima consequatur.','Officiis et et fuga modi eos minus velit.',8,1,NULL,'2024-02-27 21:24:28','2024-02-27 21:24:28'),(233,'Minus sit sed consequatur aut. Repellendus dolore a eum voluptatibus voluptates a.','Minima repudiandae vitae eos laboriosam. Et ut porro non et atque quia voluptate.',23,6,NULL,'2024-02-27 21:24:28','2024-02-27 21:24:28'),(234,'Quibusdam quia odio optio dignissimos illum magni consequatur fugiat. Est fugit omnis quod sunt eum. Quia dolores aut eos non.','Neque eos repellat ipsum quia aut.',29,1,NULL,'2024-02-27 21:24:28','2024-02-27 21:24:28'),(235,'Ut rerum in eos numquam. Qui facere qui recusandae dicta eos. Optio et impedit sed eveniet. Est illo magnam non dolorem velit et.','Tempora explicabo quod repellat et.',25,1,NULL,'2024-02-27 21:24:28','2024-02-27 21:24:28'),(236,'Recusandae illum enim minus modi et. Autem repudiandae ad sapiente cumque. Voluptatum voluptate est quis est asperiores.','Et ut quos ut porro esse.',49,3,NULL,'2024-02-27 21:24:28','2024-02-27 21:24:28'),(237,'Aliquid est dolore facilis iusto possimus omnis. Doloremque ut maiores harum assumenda in. Provident dolor ut sequi placeat. Delectus autem neque perferendis soluta nulla.','Autem saepe doloribus temporibus deserunt voluptas autem velit eius. Quibusdam vero asperiores beatae temporibus.',39,6,NULL,'2024-02-27 21:24:28','2024-02-27 21:24:28'),(238,'Cupiditate magni deleniti est architecto consequatur similique voluptas. Repellendus necessitatibus cupiditate vel expedita incidunt ea. Et sit qui error.','Qui sapiente et voluptas omnis beatae aut error.',36,3,NULL,'2024-02-27 21:24:28','2024-02-27 21:24:28'),(239,'Ut esse inventore doloribus. Occaecati commodi nemo corrupti odit dolores occaecati. Voluptatem eum aut accusantium quia. Harum aut et ipsum consequatur molestiae aut.','Quis iste deleniti aut exercitationem. Dolores officia accusamus qui.',17,1,NULL,'2024-02-27 21:24:28','2024-02-27 21:24:28'),(240,'Voluptas minima rerum ipsum. Quibusdam provident sunt dolor aut voluptatem doloremque repellendus. Illo minus aliquam aut.','Dolorem et officia quam.',34,1,NULL,'2024-02-27 21:24:28','2024-02-27 21:24:28'),(241,'Illo omnis eum quia quo aliquam laboriosam. Omnis vel nemo nihil delectus. Omnis commodi molestias eius doloremque.','Quia voluptate et et tempore placeat optio veniam. Eum voluptas cum incidunt ab.',3,2,NULL,'2024-02-27 21:24:28','2024-02-27 21:24:28'),(242,'Doloremque atque voluptate earum minima. Voluptatibus et iste laborum rem voluptates autem. Voluptatum ea iure eius. Impedit nesciunt velit sed.','Consectetur excepturi provident non odio quia incidunt.',8,5,NULL,'2024-02-27 21:24:28','2024-02-27 21:24:28'),(243,'Labore doloribus quia nulla. Consequatur quisquam eius atque ut voluptatem necessitatibus. Magnam laudantium natus excepturi ipsa et expedita. Voluptas illo modi eos nulla.','Tenetur totam iusto officiis id. Aut eveniet non quos.',16,4,NULL,'2024-02-27 21:24:28','2024-02-27 21:24:28'),(244,'Dicta reiciendis maiores explicabo. Voluptatem adipisci beatae qui quod. Eius suscipit perspiciatis et eligendi qui nostrum et reiciendis.','Ipsa ut quisquam aut. Et quas delectus ab et.',11,5,NULL,'2024-02-27 21:24:28','2024-02-27 21:24:28'),(245,'Qui est ab beatae. Voluptatem facilis rerum amet porro rerum praesentium neque. Et consequuntur rerum ut ut mollitia. Molestiae est rem quia blanditiis doloremque consequatur.','Voluptatum perspiciatis autem perspiciatis officia molestiae.',31,2,NULL,'2024-02-27 21:24:28','2024-02-27 21:24:28'),(246,'Ex quos esse consectetur. Ad incidunt sapiente dolores recusandae laudantium.','Consectetur fuga autem eos rem rerum laudantium.',17,2,NULL,'2024-02-27 21:24:28','2024-02-27 21:24:28'),(247,'Nisi possimus mollitia similique voluptas recusandae voluptate saepe. Et ad ipsum nam. Vero ipsam eum quod ea cumque magni.','In illo minus ut blanditiis non culpa.',39,1,NULL,'2024-02-27 21:24:28','2024-02-27 21:24:28'),(248,'Minus non molestiae sed tenetur. Voluptatem voluptate assumenda ullam blanditiis. Nobis est quia iusto sapiente magnam rerum. Ratione similique id voluptate est totam itaque.','Sequi quis necessitatibus optio vero.',43,6,NULL,'2024-02-27 21:24:28','2024-02-27 21:24:28'),(249,'Facere omnis omnis quia quo aut rem consequatur. Et tempora odio voluptatibus ipsa. Totam in praesentium nisi a enim debitis blanditiis. Saepe sit non cum ipsa nulla fugit.','Quisquam sunt voluptate rerum minima aliquam neque. Et dolorem in rerum error eligendi.',36,5,NULL,'2024-02-27 21:24:28','2024-02-27 21:24:28'),(250,'Repellendus totam est dolorum est rem occaecati beatae qui. Et dolorum perspiciatis impedit repudiandae recusandae. Nam delectus sed quasi illo reprehenderit.','Et ut odio cumque sapiente voluptatem laboriosam architecto. Autem alias eum consectetur animi rem consequatur quis et.',28,2,NULL,'2024-02-27 21:24:28','2024-02-27 21:24:28'),(251,'Dolor accusantium quia consequuntur ipsam itaque eum. Fuga quam ea exercitationem a.','Eius beatae porro aspernatur dolore illum velit. Fugiat repudiandae quaerat sint molestias.',6,1,NULL,'2024-02-27 21:24:28','2024-02-27 21:24:28'),(252,'Porro omnis ipsa eum velit saepe. Et laudantium soluta aut ipsa. Tempore ut ut autem. Qui harum perferendis quia et dolor.','Est numquam rem sed facilis. Dolor itaque ut voluptatem aut necessitatibus quam.',8,1,NULL,'2024-02-27 21:24:28','2024-02-27 21:24:28'),(253,'Quia culpa tenetur perferendis fugiat laudantium sed ipsa. Molestiae voluptatem iste ducimus perferendis.','Quos dolores laudantium laborum quia ea voluptatem sunt. Nam at rerum ut rerum eius.',50,4,NULL,'2024-02-27 21:24:28','2024-02-27 21:24:28'),(254,'Maxime harum voluptatem quod vero quas. Nemo enim aperiam adipisci molestias omnis. Aspernatur dolor incidunt voluptatem explicabo voluptatem.','Quia sed aut eum.',17,3,NULL,'2024-02-27 21:24:28','2024-02-27 21:24:28'),(255,'Praesentium facilis id pariatur similique et nobis. Quidem quae voluptas et qui odio.','Veritatis voluptas impedit enim beatae fuga.',45,5,NULL,'2024-02-27 21:24:28','2024-02-27 21:24:28'),(256,'Et optio illo laborum. Inventore rem quaerat reiciendis ut possimus magnam. Dolorem non autem minima amet ut labore.','Non et illo molestiae labore occaecati eaque. Incidunt quia corrupti a aperiam similique.',29,3,NULL,'2024-02-27 21:24:29','2024-02-27 21:24:29'),(257,'Fugiat officia dolorem quidem accusantium ratione. Sit nobis ratione adipisci iure. Aut enim nisi quam et.','Libero rerum repellat voluptas omnis eum ut praesentium.',15,3,NULL,'2024-02-27 21:24:29','2024-02-27 21:24:29'),(258,'Commodi quia esse vero velit minus. Recusandae blanditiis quas earum eos voluptas. Est dolorem optio unde delectus nam.','Libero occaecati ut alias iusto.',35,4,NULL,'2024-02-27 21:24:29','2024-02-27 21:24:29'),(259,'Excepturi laudantium dolor incidunt beatae. Est porro ad velit dolor dolor. Omnis aut modi rem nobis quasi commodi est.','Molestias maiores tenetur nemo quis animi beatae.',33,4,NULL,'2024-02-27 21:24:29','2024-02-27 21:24:29'),(260,'Vel cupiditate vel velit necessitatibus iusto temporibus. Harum repellendus aut ab rerum quae id.','Autem earum quis fugit ex sint iusto dignissimos. Vitae sed ullam suscipit exercitationem odit consequuntur.',28,2,NULL,'2024-02-27 21:24:29','2024-02-27 21:24:29');
/*!40000 ALTER TABLE `posts` ENABLE KEYS */;
UNLOCK TABLES;

--
-- Table structure for table `reaction_types`
--

DROP TABLE IF EXISTS `reaction_types`;
/*!40101 SET @saved_cs_client     = @@character_set_client */;
/*!50503 SET character_set_client = utf8mb4 */;
CREATE TABLE `reaction_types` (
  `id` bigint unsigned NOT NULL AUTO_INCREMENT,
  `type` varchar(255) COLLATE utf8mb3_unicode_ci NOT NULL,
  `created_at` timestamp NULL DEFAULT NULL,
  `updated_at` timestamp NULL DEFAULT NULL,
  PRIMARY KEY (`id`)
) ENGINE=InnoDB AUTO_INCREMENT=6 DEFAULT CHARSET=utf8mb3 COLLATE=utf8mb3_unicode_ci;
/*!40101 SET character_set_client = @saved_cs_client */;

--
-- Dumping data for table `reaction_types`
--

LOCK TABLES `reaction_types` WRITE;
/*!40000 ALTER TABLE `reaction_types` DISABLE KEYS */;
INSERT INTO `reaction_types` VALUES (1,'Pending','2024-02-27 21:24:25','2024-02-27 21:24:25'),(2,'Published','2024-02-27 21:24:25','2024-02-27 21:24:25'),(3,'Canceled','2024-02-27 21:24:25','2024-02-27 21:24:25'),(4,'Reviewed','2024-02-27 21:24:25','2024-02-27 21:24:25'),(5,'Saved','2024-02-27 21:24:25','2024-02-27 21:24:25');
/*!40000 ALTER TABLE `reaction_types` ENABLE KEYS */;
UNLOCK TABLES;

--
-- Table structure for table `users`
--

DROP TABLE IF EXISTS `users`;
/*!40101 SET @saved_cs_client     = @@character_set_client */;
/*!50503 SET character_set_client = utf8mb4 */;
CREATE TABLE `users` (
  `id` bigint unsigned NOT NULL AUTO_INCREMENT,
  `name` varchar(255) COLLATE utf8mb3_unicode_ci NOT NULL,
  `role` varchar(200) COLLATE utf8mb3_unicode_ci NOT NULL,
  `email` varchar(255) COLLATE utf8mb3_unicode_ci NOT NULL,
  `deleted_at` timestamp NULL DEFAULT NULL,
  `created_at` timestamp NULL DEFAULT NULL,
  `updated_at` timestamp NULL DEFAULT NULL,
  PRIMARY KEY (`id`),
  UNIQUE KEY `users_email_unique` (`email`)
) ENGINE=InnoDB AUTO_INCREMENT=51 DEFAULT CHARSET=utf8mb3 COLLATE=utf8mb3_unicode_ci;
/*!40101 SET character_set_client = @saved_cs_client */;

--
-- Dumping data for table `users`
--

LOCK TABLES `users` WRITE;
/*!40000 ALTER TABLE `users` DISABLE KEYS */;
INSERT INTO `users` VALUES (1,'Viola Olson','user','laisha.ankunding@example.net',NULL,'2024-02-27 21:24:25','2024-02-27 21:24:25'),(2,'Elwyn Hintz','moderator','ronaldo.christiansen@example.net',NULL,'2024-02-27 21:24:25','2024-02-27 21:24:25'),(3,'Donavon Hudson II','user','brook.crona@example.net',NULL,'2024-02-27 21:24:25','2024-02-27 21:24:25'),(4,'Bernie Russel Sr.','admin','frami.jules@example.com',NULL,'2024-02-27 21:24:25','2024-02-27 21:24:25'),(5,'Abdullah VonRueden','admin','camila35@example.com',NULL,'2024-02-27 21:24:25','2024-02-27 21:24:25'),(6,'Jonathon Treutel','moderator','ubechtelar@example.com',NULL,'2024-02-27 21:24:25','2024-02-27 21:24:25'),(7,'Agustin Walter','admin','korey.gutmann@example.org',NULL,'2024-02-27 21:24:25','2024-02-27 21:24:25'),(8,'Rosalia Lakin','admin','vspencer@example.net',NULL,'2024-02-27 21:24:25','2024-02-27 21:24:25'),(9,'Geovany Torp','admin','dlind@example.com',NULL,'2024-02-27 21:24:25','2024-02-27 21:24:25'),(10,'Nova Okuneva','admin','frankie62@example.net',NULL,'2024-02-27 21:24:25','2024-02-27 21:24:25'),(11,'Genoveva Kuhn','moderator','mdurgan@example.net',NULL,'2024-02-27 21:24:25','2024-02-27 21:24:25'),(12,'Jaron Christiansen','admin','mazie.dooley@example.com',NULL,'2024-02-27 21:24:25','2024-02-27 21:24:25'),(13,'Scottie Veum','moderator','walter.roderick@example.org',NULL,'2024-02-27 21:24:25','2024-02-27 21:24:25'),(14,'Adolfo O\'Hara','user','gwen16@example.net',NULL,'2024-02-27 21:24:25','2024-02-27 21:24:25'),(15,'Lola Beatty Jr.','admin','flatley.lauren@example.com',NULL,'2024-02-27 21:24:25','2024-02-27 21:24:25'),(16,'Keven Halvorson','admin','caesar.fisher@example.net',NULL,'2024-02-27 21:24:25','2024-02-27 21:24:25'),(17,'Ludwig Langworth V','moderator','srunolfsdottir@example.org',NULL,'2024-02-27 21:24:25','2024-02-27 21:24:25'),(18,'Martina Parisian','moderator','russ.gibson@example.org',NULL,'2024-02-27 21:24:25','2024-02-27 21:24:25'),(19,'Mr. Giovani Schimmel','moderator','christop.dibbert@example.net',NULL,'2024-02-27 21:24:25','2024-02-27 21:24:25'),(20,'Waino Schulist','admin','blanda.donato@example.com',NULL,'2024-02-27 21:24:25','2024-02-27 21:24:25'),(21,'Dr. Sammie Kerluke','user','stark.margot@example.com',NULL,'2024-02-27 21:24:25','2024-02-27 21:24:25'),(22,'Ralph Donnelly','user','xschimmel@example.com',NULL,'2024-02-27 21:24:25','2024-02-27 21:24:25'),(23,'Vallie Weber','user','eauer@example.org',NULL,'2024-02-27 21:24:25','2024-02-27 21:24:25'),(24,'Savanna Lesch','admin','zgottlieb@example.org',NULL,'2024-02-27 21:24:25','2024-02-27 21:24:25'),(25,'Brain Boehm','admin','catalina27@example.com',NULL,'2024-02-27 21:24:25','2024-02-27 21:24:25'),(26,'Ali Kovacek PhD','user','glen.goodwin@example.com',NULL,'2024-02-27 21:24:25','2024-02-27 21:24:25'),(27,'Astrid Bauch','moderator','ruecker.lorenz@example.net',NULL,'2024-02-27 21:24:25','2024-02-27 21:24:25'),(28,'Verna Frami','moderator','wilkinson.kris@example.org',NULL,'2024-02-27 21:24:25','2024-02-27 21:24:25'),(29,'Liza Doyle','admin','holden.adams@example.org',NULL,'2024-02-27 21:24:25','2024-02-27 21:24:25'),(30,'Ted Schneider','moderator','shannon.stiedemann@example.org',NULL,'2024-02-27 21:24:25','2024-02-27 21:24:25'),(31,'Reynold McDermott','moderator','ycrooks@example.net',NULL,'2024-02-27 21:24:25','2024-02-27 21:24:25'),(32,'Hayley Kilback','user','nhomenick@example.org',NULL,'2024-02-27 21:24:25','2024-02-27 21:24:25'),(33,'Celine Fahey','moderator','ymetz@example.net',NULL,'2024-02-27 21:24:25','2024-02-27 21:24:25'),(34,'Audra Prosacco','user','jett13@example.org',NULL,'2024-02-27 21:24:25','2024-02-27 21:24:25'),(35,'Ricky Powlowski','user','august27@example.org',NULL,'2024-02-27 21:24:25','2024-02-27 21:24:25'),(36,'Candelario Bauch','user','west.rosamond@example.org',NULL,'2024-02-27 21:24:25','2024-02-27 21:24:25'),(37,'Dr. Aiden Ritchie','admin','idietrich@example.org',NULL,'2024-02-27 21:24:25','2024-02-27 21:24:25'),(38,'Jennie Osinski','moderator','eddie.greenfelder@example.net',NULL,'2024-02-27 21:24:25','2024-02-27 21:24:25'),(39,'Janis D\'Amore','moderator','felicity.rodriguez@example.com',NULL,'2024-02-27 21:24:25','2024-02-27 21:24:25'),(40,'Monique Bashirian','user','lorena.schroeder@example.org',NULL,'2024-02-27 21:24:25','2024-02-27 21:24:25'),(41,'Ms. Concepcion Dicki','admin','lrice@example.com',NULL,'2024-02-27 21:24:25','2024-02-27 21:24:25'),(42,'Shanny Auer','moderator','raegan65@example.net',NULL,'2024-02-27 21:24:25','2024-02-27 21:24:25'),(43,'Angus Luettgen','user','shanna.schmidt@example.org',NULL,'2024-02-27 21:24:25','2024-02-27 21:24:25'),(44,'Mr. Jules Thompson','admin','mondricka@example.org',NULL,'2024-02-27 21:24:25','2024-02-27 21:24:25'),(45,'Prof. Nicola Reynolds Jr.','user','hane.glennie@example.net',NULL,'2024-02-27 21:24:25','2024-02-27 21:24:25'),(46,'Monserrat Doyle','moderator','hamill.tremaine@example.net',NULL,'2024-02-27 21:24:25','2024-02-27 21:24:25'),(47,'Heidi Morar','moderator','zlynch@example.com',NULL,'2024-02-27 21:24:25','2024-02-27 21:24:25'),(48,'Mr. Demetrius Jones DVM','admin','marcel39@example.net',NULL,'2024-02-27 21:24:25','2024-02-27 21:24:25'),(49,'Dr. Ed Gulgowski Sr.','admin','johns.damaris@example.net',NULL,'2024-02-27 21:24:25','2024-02-27 21:24:25'),(50,'Dr. Torey Purdy','admin','dawn.bernier@example.com',NULL,'2024-02-27 21:24:25','2024-02-27 21:24:25');
/*!40000 ALTER TABLE `users` ENABLE KEYS */;
UNLOCK TABLES;
/*!40103 SET TIME_ZONE=@OLD_TIME_ZONE */;

/*!40101 SET SQL_MODE=@OLD_SQL_MODE */;
/*!40014 SET FOREIGN_KEY_CHECKS=@OLD_FOREIGN_KEY_CHECKS */;
/*!40014 SET UNIQUE_CHECKS=@OLD_UNIQUE_CHECKS */;
/*!40101 SET CHARACTER_SET_CLIENT=@OLD_CHARACTER_SET_CLIENT */;
/*!40101 SET CHARACTER_SET_RESULTS=@OLD_CHARACTER_SET_RESULTS */;
/*!40101 SET COLLATION_CONNECTION=@OLD_COLLATION_CONNECTION */;
/*!40111 SET SQL_NOTES=@OLD_SQL_NOTES */;

-- Dump completed on 2024-03-11  1:20:07
